video_url,video_id,title,channel,caption
https://www.youtube.com/watch?v=5pvEghEGy6k&list=PLC6Msm1YCNw9iwHvFgx6Ny9rUu3DAO_6W,5pvEghEGy6k,#151  유선염! 모유 먹이면서 치료해야 합니다,하정훈의 삐뽀삐뽀 119 소아과 (삐뽀삐뽀 119 소아과),[음악] 안녕하세요 소아청소년과 전문의가 정입니다 모유를 먹이다 보면 유방이 심하게 악 명의 몇가지 있습니다 그중에서 모유를 제대로 먹이지 못해서 유방이 절차서 생기는 병이 유방 무리고 유방 오리 지속되면 생길 수 있는 병이 유선염 이라고 생각하시면 됩니다 오늘은 저번에 올린 유방 물릴 다음으로 유선염 에 대해서 알려드리겠습니다 전에 올린 유방 울 영상을 아직 안 보신 분은 그 영상을 먼저 보시고 이 영상을 보시는 것이 이해하기 쉬우실 겁니다 이 두 가지며 운 아주 밀접한 연관이 있기 때문에 중복되는 내용이 많고 오늘 영상도 이해를 위해서 우리에 대해서 중복해서 말씀드리는 것을 미리 이해해 주시기 부탁드리겠습니다 출산 엄마 유방 에서는 모유가 만들어지는데 아이가 매 보면서 비워지고 비워지는 만큼 다시 차게 됩니다 그런데 만들어진 모이를 다 비우지 못하게 되면 유방의 제시 차서 탱탱하게 붙습니다 이것을 울 이라고 합니다 그런데 고인 물은 산다 는 말이 있듯이 유방의 모유가 찬 우리 지속되면 세균감염이 생길 수 있는데 이렇게 세균감염이 생것을 유선염 이라고 합니다 우리를 정상은 유방이 붓고 많이 아픈 것이 특기인 데 아파서 전 물리기 힘들고 유방이 팽팽 이어서 아기가 설 물기도 힘들어 절 제대로 비울 수 없게 되어 우리는 점점 더 심해 일 수 있습니다 유선 님은 여기에 세움 담임이 캡 친 것으로 더 붓고 더 심하게 아프고 교수님이 생긴 부위가 색이 모양으로 붉게 변하게 됩니다 게다가 열이 펄펄 나고 원이 생기고 마치 두드려 맞은 것처럼 온몸이 아픈 전신 증상이 동반될 수 있습니다 다시 말하면 유선염 의 세균 감염 증상이 유방이 많고 안 되는 것이 아니고 유방도 아프고 온몸 노다 아픔 병이란 겁니다 울혈 과 유선염 을 막는 방법은 단순합니다 뭐 일을 열심히 먹이면 됩니다 유방을 충분히 다 비우면 우리 던 유선염 이든 생기지 않습니다 사정상 재설 제대로 누리지 못할 경우는 아프지 않은 만큼이라도 젖을 짜주는 것이 좋습니다 특히 신생아 시기 모유가 갑자기 늘어날 때 모유만 보기 지 않고 분유를 같이 먹이는 경우 만들어진 모이를 다 비울 수 없어서 의 열이 잘 생기게 됩니다 우리 생긴 경우 이걸 빨리 치료하지 않으면 바로 유승림 으로 넘어갈 수도 있고 그럼 점점 더 심하게 아플 수 있고 뭐 이 더 확 줄 수가 있습니다 유 손님이 잘 생기는 경우는 미리 알아 2시는 것이 좋습니다 앞에서 말씀드렸듯이 신생아 초기 처음부터 젓을 10시 물리지 않는 제시 돌아서 갑자기 제 시황 들을 하는 것을 제대로 먹지 못해서 잘 생길 수 있습니다 24시 아몰 동시를 해서 엄마 품에서 아기를 키우지 않으면 바로바로 재설 다 비울 수가 없게 되어서 또 잘 생깁니다 시간을 맞춰서 먹이 거라 필요없이 분위를 보충하거나 전설 제대로 물리지 못해서 잘 먹이지 못하거나 갑자기 수위를 그런 경우에도 잘 생깁니다 모이 먹는 횟수를 갑자기 줄이거나 모이를 갑자기 끊는 경우도 잘 생깁니다 너무 가 끼는 브리지 를 사용하는 경우 눌려서 잘 생기고 과로나 스트레스가 심한 교회도 모유를 제대로 먹이지 못해서 우리 생기고 유선 님이 잘 생기므로 이런 점들은 미리 주의하셔야 됩니다 우리가 이 새는 에 걸리면 집에서 하는 치료도 중요합니다 지네 3이 7이 역시 열심히 젖을 물리는 것이 차이입니다 전 물리는 초기에는 아프지만 서서히 반입 이어지면서 댕댕 함이 가라앉으면서 아픈것도 줄어듭니다 아파서 전 물리 힘든 경우는 부루펜 같은 소염 진통제를 먹으면 좀 도움이 됩니다 울혈 생긴것을 푼다고 유방이 아플 만큼 열심히 마사지하는 번만 더 있는데 이런 것은 일반적으로 권장되는 방법은 아닙니다 60년도 마찬가지로 맛사지로 예수님을 치료하는 것은 권장하지 않습니다 우리가 이 상념은 푸는 개인이 아니고 비우는 개 이미 훨씬 더 중요합니다 우리의 진행되어서 세균 감염이 생긴 것이 이 손님인데 유선 형이 생긴 유방 부터 젖을 물려서 더 열심히 배워 지는 것이 치료에 도움이 됩니다 예수님의 걸린 유방에서 뭐 일수를 해도 아무런 상관없습니다 오히려 모유를 먹이지 않으면 유수 님이 더 심해질 수 있기 때문에 주의해야 됩니다 열심히 뷰 라는 이야기입니다 예수님의 걸리는 많이 아프기 때문에 충분히 쉬고 물도 충분히 먹고 음식을 골고루 잘 먹어야 합니다 수입 전에 언젠가 일을 하고 수유에 냉 찜질을 하시면 됩니다 우린 아유 손님이 있는데 병원을 갈 수 없는 경우라면 냉찜질 할 때 양배추 님을 차게 섭취는 방부터 도움이 되는데 따뜻해지면 바로 잠 것으로 갈아야 합니다 하지만 이 방법 원 간혹 냄새 때문에 힘들어 하는 엄마도 있고 아이가 렌트 때문에 제사를 물지 않을 할 수 있기 때문에 병원을 갈 수 없어서 양배추는 입을 사용할 경우는 이 점을 미리 알고 문제가 되면 바로 중지하는 것이 좋습니다 유승림 생긴 유방을 부드럽게 마사지하는 것도 도움이 되는데 유두 쪽으로 부드럽게 미랜 식으로 마사지를 하는 모유를 먹이는 데 도움이 됩니다 이 세계가 만듭니다 그리고 땡땡 아니 묻힌 것은 유방 방향에서 겨드랑이 쪽으로 쓸어 내듯이 마사지 라는 부응 것에 수라를 도와줄 수 있습니다 이 역시 3개의 문지르듯이 하는 것은 권장하지 않습니다 뭉치 것을 풍겼다 는 식으로 3개의 마사지 하는 것은 곤란합니다 교수님이 생기는 바로 542 진료를 받는 것이 중요합니다 진찰 소견에 따라서 하루 정도 항생제를 사용하지 않고 2 거 보기도 하고요 바로 항생제를 처방하기도 합니다 항생제를 처방 받은 경우는 의사가 그 맞먹을 할 때까지 항생제를 계속 먹어야 내색을 막을 수 있고 재발을 방지할 수 있습니다 황 생리를 먹으면 증상이 싹 타 없어지는 경우가 많은데 그래도 의사가 그 맘 먹을 할 때까지 보통 10일에서 14일 정도 계속 사용하는 것이 일반적입니다 물론 항상 이는 먹는 도중에도 모일 수 있는 계속 해야 합니다 그리고 치료 중에도 뭐 일을 더 열심히 먹어야 유선염 이나 우리는 빨리 좋아집니다 우리의 이던 일선 입니다 뭐 열심히 그는 지역뿐 아니라 미 예방 가능한 병이라는 것을 알아두시면 좋습니다 다시 한 번 더 약이 드리겠습니다 유승림 의심되는 반드시 의사의 진료를 받는 것이 중요합니다 예수님의 걸리는 뭐 일을 더 열심히 무기는 것이 더 빨리 좋아지는 지름길입니다 모유수유를 할 수 있는 항생제로 처방 받은 경우 대기 얻어들은 이런 상승 1차 갑니다 항생제를 먹는 중에 모유를 먹이는 것은 아무런 문제가 없습니다 예수님의 걸려서 자 방과는 항상 되는 증상이 좋아져도 반드시 고사가 그 맘 먹을 할 때까지 끝까지 무예 한다는 점 잊지 마시기 바랍니다 [음악] 으 으 으 으 으 [음악] 으 으 아 으
https://www.youtube.com/watch?v=5pvEghEGy6k,5pvEghEGy6k,#151  유선염! 모유 먹이면서 치료해야 합니다,하정훈의 삐뽀삐뽀 119 소아과 (삐뽀삐뽀 119 소아과),[음악] 안녕하세요 소아청소년과 전문의가 정입니다 모유를 먹이다 보면 유방이 심하게 악 명의 몇가지 있습니다 그중에서 모유를 제대로 먹이지 못해서 유방이 절차서 생기는 병이 유방 무리고 유방 오리 지속되면 생길 수 있는 병이 유선염 이라고 생각하시면 됩니다 오늘은 저번에 올린 유방 물릴 다음으로 유선염 에 대해서 알려드리겠습니다 전에 올린 유방 울 영상을 아직 안 보신 분은 그 영상을 먼저 보시고 이 영상을 보시는 것이 이해하기 쉬우실 겁니다 이 두 가지며 운 아주 밀접한 연관이 있기 때문에 중복되는 내용이 많고 오늘 영상도 이해를 위해서 우리에 대해서 중복해서 말씀드리는 것을 미리 이해해 주시기 부탁드리겠습니다 출산 엄마 유방 에서는 모유가 만들어지는데 아이가 매 보면서 비워지고 비워지는 만큼 다시 차게 됩니다 그런데 만들어진 모이를 다 비우지 못하게 되면 유방의 제시 차서 탱탱하게 붙습니다 이것을 울 이라고 합니다 그런데 고인 물은 산다 는 말이 있듯이 유방의 모유가 찬 우리 지속되면 세균감염이 생길 수 있는데 이렇게 세균감염이 생것을 유선염 이라고 합니다 우리를 정상은 유방이 붓고 많이 아픈 것이 특기인 데 아파서 전 물리기 힘들고 유방이 팽팽 이어서 아기가 설 물기도 힘들어 절 제대로 비울 수 없게 되어 우리는 점점 더 심해 일 수 있습니다 유선 님은 여기에 세움 담임이 캡 친 것으로 더 붓고 더 심하게 아프고 교수님이 생긴 부위가 색이 모양으로 붉게 변하게 됩니다 게다가 열이 펄펄 나고 원이 생기고 마치 두드려 맞은 것처럼 온몸이 아픈 전신 증상이 동반될 수 있습니다 다시 말하면 유선염 의 세균 감염 증상이 유방이 많고 안 되는 것이 아니고 유방도 아프고 온몸 노다 아픔 병이란 겁니다 울혈 과 유선염 을 막는 방법은 단순합니다 뭐 일을 열심히 먹이면 됩니다 유방을 충분히 다 비우면 우리 던 유선염 이든 생기지 않습니다 사정상 재설 제대로 누리지 못할 경우는 아프지 않은 만큼이라도 젖을 짜주는 것이 좋습니다 특히 신생아 시기 모유가 갑자기 늘어날 때 모유만 보기 지 않고 분유를 같이 먹이는 경우 만들어진 모이를 다 비울 수 없어서 의 열이 잘 생기게 됩니다 우리 생긴 경우 이걸 빨리 치료하지 않으면 바로 유승림 으로 넘어갈 수도 있고 그럼 점점 더 심하게 아플 수 있고 뭐 이 더 확 줄 수가 있습니다 유 손님이 잘 생기는 경우는 미리 알아 2시는 것이 좋습니다 앞에서 말씀드렸듯이 신생아 초기 처음부터 젓을 10시 물리지 않는 제시 돌아서 갑자기 제 시황 들을 하는 것을 제대로 먹지 못해서 잘 생길 수 있습니다 24시 아몰 동시를 해서 엄마 품에서 아기를 키우지 않으면 바로바로 재설 다 비울 수가 없게 되어서 또 잘 생깁니다 시간을 맞춰서 먹이 거라 필요없이 분위를 보충하거나 전설 제대로 물리지 못해서 잘 먹이지 못하거나 갑자기 수위를 그런 경우에도 잘 생깁니다 모이 먹는 횟수를 갑자기 줄이거나 모이를 갑자기 끊는 경우도 잘 생깁니다 너무 가 끼는 브리지 를 사용하는 경우 눌려서 잘 생기고 과로나 스트레스가 심한 교회도 모유를 제대로 먹이지 못해서 우리 생기고 유선 님이 잘 생기므로 이런 점들은 미리 주의하셔야 됩니다 우리가 이 새는 에 걸리면 집에서 하는 치료도 중요합니다 지네 3이 7이 역시 열심히 젖을 물리는 것이 차이입니다 전 물리는 초기에는 아프지만 서서히 반입 이어지면서 댕댕 함이 가라앉으면서 아픈것도 줄어듭니다 아파서 전 물리 힘든 경우는 부루펜 같은 소염 진통제를 먹으면 좀 도움이 됩니다 울혈 생긴것을 푼다고 유방이 아플 만큼 열심히 마사지하는 번만 더 있는데 이런 것은 일반적으로 권장되는 방법은 아닙니다 60년도 마찬가지로 맛사지로 예수님을 치료하는 것은 권장하지 않습니다 우리가 이 상념은 푸는 개인이 아니고 비우는 개 이미 훨씬 더 중요합니다 우리의 진행되어서 세균 감염이 생긴 것이 이 손님인데 유선 형이 생긴 유방 부터 젖을 물려서 더 열심히 배워 지는 것이 치료에 도움이 됩니다 예수님의 걸린 유방에서 뭐 일수를 해도 아무런 상관없습니다 오히려 모유를 먹이지 않으면 유수 님이 더 심해질 수 있기 때문에 주의해야 됩니다 열심히 뷰 라는 이야기입니다 예수님의 걸리는 많이 아프기 때문에 충분히 쉬고 물도 충분히 먹고 음식을 골고루 잘 먹어야 합니다 수입 전에 언젠가 일을 하고 수유에 냉 찜질을 하시면 됩니다 우린 아유 손님이 있는데 병원을 갈 수 없는 경우라면 냉찜질 할 때 양배추 님을 차게 섭취는 방부터 도움이 되는데 따뜻해지면 바로 잠 것으로 갈아야 합니다 하지만 이 방법 원 간혹 냄새 때문에 힘들어 하는 엄마도 있고 아이가 렌트 때문에 제사를 물지 않을 할 수 있기 때문에 병원을 갈 수 없어서 양배추는 입을 사용할 경우는 이 점을 미리 알고 문제가 되면 바로 중지하는 것이 좋습니다 유승림 생긴 유방을 부드럽게 마사지하는 것도 도움이 되는데 유두 쪽으로 부드럽게 미랜 식으로 마사지를 하는 모유를 먹이는 데 도움이 됩니다 이 세계가 만듭니다 그리고 땡땡 아니 묻힌 것은 유방 방향에서 겨드랑이 쪽으로 쓸어 내듯이 마사지 라는 부응 것에 수라를 도와줄 수 있습니다 이 역시 3개의 문지르듯이 하는 것은 권장하지 않습니다 뭉치 것을 풍겼다 는 식으로 3개의 마사지 하는 것은 곤란합니다 교수님이 생기는 바로 542 진료를 받는 것이 중요합니다 진찰 소견에 따라서 하루 정도 항생제를 사용하지 않고 2 거 보기도 하고요 바로 항생제를 처방하기도 합니다 항생제를 처방 받은 경우는 의사가 그 맞먹을 할 때까지 항생제를 계속 먹어야 내색을 막을 수 있고 재발을 방지할 수 있습니다 황 생리를 먹으면 증상이 싹 타 없어지는 경우가 많은데 그래도 의사가 그 맘 먹을 할 때까지 보통 10일에서 14일 정도 계속 사용하는 것이 일반적입니다 물론 항상 이는 먹는 도중에도 모일 수 있는 계속 해야 합니다 그리고 치료 중에도 뭐 일을 더 열심히 먹어야 유선염 이나 우리는 빨리 좋아집니다 우리의 이던 일선 입니다 뭐 열심히 그는 지역뿐 아니라 미 예방 가능한 병이라는 것을 알아두시면 좋습니다 다시 한 번 더 약이 드리겠습니다 유승림 의심되는 반드시 의사의 진료를 받는 것이 중요합니다 예수님의 걸리는 뭐 일을 더 열심히 무기는 것이 더 빨리 좋아지는 지름길입니다 모유수유를 할 수 있는 항생제로 처방 받은 경우 대기 얻어들은 이런 상승 1차 갑니다 항생제를 먹는 중에 모유를 먹이는 것은 아무런 문제가 없습니다 예수님의 걸려서 자 방과는 항상 되는 증상이 좋아져도 반드시 고사가 그 맘 먹을 할 때까지 끝까지 무예 한다는 점 잊지 마시기 바랍니다 [음악] 으 으 으 으 으 [음악] 으 으 아 으
https://www.youtube.com/watch?v=BM5eWV8FEcM,BM5eWV8FEcM,#152  모유수유 중 파마와 염색 총 정리 해드립니다!,하정훈의 삐뽀삐뽀 119 소아과 (삐뽀삐뽀 119 소아과),[음악] 으 으 [음악] 안녕하세요 소아청소년과 전문의 가정입니다 모유 먹이는 엄마도 예쁘게 살 권리가 있습니다 아기가 태어난 초기에는 정신이 없어 그런거 꿈도 못 꾸지만 아기가 클수록 이제는 엄마도 일상으로 돌아가야 하고 화랑도 해야 하고 머리도 좀 하고 더 예뻐 저도 됩니다 이번에는 이런저런 다른 이야기로 엄마들을 갈등 하게 만드는 머리 파마와 염색 하는 것에 대해서 말씀을 드리겠습니다 해도 된다 파 미란다 말들이 많은데 결론부터 말씀드리면 현재까지 알려진 후 답 즉 켠에는 모유수유 중에 파마 위로 된다는 겁니다 그리고 모유수유 중에 명 3개도 됩니다 그리고 모유수유 중에 머리 펴도 됩니다 그리고 머리 관리 같은 것들은 대부분 모유수유 중에 해도 상관없습니다 그런데 몇가지 주의할 것이 있습니다 파마와 염색 하는 것에 대해서는 모유 전문가들은 이견이 없습니다 해도 된다는 겁니다 하지만 머리 펴는 것에 대해서는 일부 부정적인 견해를 가진 전문가 도 있다는 것을 미리 말씀드립니다 만일 확실한 끝말 하겠다는 엄마들은 뭘 수중에 머리 펴는 것은 하지 않는 것이 좋을 겁니다 간혹 파마나 염색 할 때 사용하는 이야기 또 카 니 까 아기에게 문제가 될 수 있을 것이라고 말하는 사람도 있는데 현재까지 수 많은 엄마들이 모유 수유 중에 파마 염색을 했지만 특별한 문제점은 발견되지 않았습니다 파마나 염색 할 때 사용하는 약들은 모바일로는 쓰이지 않고 두피를 통해서도 엄마에게 흡수가 잘 되지 않는데 모유로 나오는 양은 극히 적기 때문에 문제가 될 정도는 아닙니다 하지만 두피나 이야기도 않는 피부 부위에 상처나 손상이 있거나 염증이 있는 경우는 이런 야끼 좀 더 많이 흡수할 수 있다는 점 꼭 기염 되십시오 그리고 탈모가 심한 경우에 더 좀 주의를 하는 것이 좋습니다 쉽게 이야기 하면 이런 경우는 하지 않는 것도 고려 하시라는 이야기입니다 간혹 해나 제품을 사용하시는 분도 있으신데 최근 해나 제품의 부양에 대한 이슈가 있기 때문에 해나 제품을 사용 것인가 하는 부모가 정보를 잘 찾아 보시고 결정하시는 것이 좋습니다 모의 저술한 측면에서는 조금 나을 수 있지만 아주 드물기는 하지만 엄마의 피부에 발생하는 부작용도 알아보시고 결정하셔야 할 겁니다 미장원에서 사용하는 약들 중에는 냄새가 정말 독한 것도 있습니다 아무리 아 성분과 알코올 성분과 과산화수소 성분 등 머리가 아플정도로 자극 팅 냄새가 나고 피부와 두피의 자극을 일으키기도 합니다 하지만 이런 것들이 더 독하다 거나 모유의 더 강한 영향을 준다는 의미는 아닙니다 물론 이런 장쯔이 냄새는 엄마의 건강이 나쁠 수 있고 모유를 먹는 아기가 힐 할 수 있기 때문에 주의해야 합니다 충분히 자시 있고 냄새가 사라질 때까지는 모유 수유할 때는 샤워 캡을 머리에 쓰고 모유를 먹이는 것도 한 가지 방법입니다 집에 트 직접 염색을 할때는 너무 산 제품 대신에 안전하다 고 알린 좀 좋은 제품을 사용하는 것이 좋을 겁니다 반드시 장갑을 끼고 피부 접촉을 최소로 줄이면서 염색을 하는 것이 좋습니다 염색을 할 때도 환기가 잘 되는 곳에서 하시고 피부와 두피 약이 묻는 것을 최소로 줄여 주려고 노력을 하셔야 됩니다 이런 얘기해도 다시 염색과 바 말을 정말 해도 될까 고민하시는 분들에게 다음과 같은 말씀을 드리겠습니다 이런 엄마들은 모의 수중에 내가 꼭 파마와 염색을 해야 되나 다시 한번 생각해 보십시오 꼭 해야된다고 생각되지 않으면 아래도 상관없구요 꼭 해야 한다면 하셔도 됩니다 그런데 하더라도 예식을 시작한 후회한 것도 한번 고 해 보십시오 그리고 머리 파마 는 대신에 머리 많은 기구를 사용 하실 수 있으실 겁니다 머리 전체를 영상 하는 것보다는 머리카락 의 일부를 염색 하는 방법도 있으니까 이런 방법이 더 아니라는 겁니다 이런 이야기는 염색과 화 많은 것에서 해도 될까 고민하시는 분들을 위한 이야기입니다 자 그럼 결론을 말씀드리면 모유수유 중에는 염색을 해도 되고 밤 안 해도 됩니다 하지만 고민이 된다면 가능하면 유식의 하는 것이 좋고 그리고 가능하면 하는 횟수를 줄이는 것이 바람직하다는 것은 미리 알아 2시는 것이 있었습니다 너무 걱정하지 마시고 예뻐지고 싶은 예뻐 지지도 상관없습니다 으 으 으 아 [음악] 아 아 아 으
https://www.youtube.com/watch?v=LQWxBv7V_y0,LQWxBv7V_y0,#150  유방울혈! 아기 친화적 예방법과 치료법을 알려드립니다. : 하정훈의 육아이야기,하정훈의 삐뽀삐뽀 119 소아과 (삐뽀삐뽀 119 소아과),[음악] 안녕하세요 소아청소년과 전문의 가정은 입니다 모유를 먹이다 보면 갑자기 엄마 유방이 된 때가 이 붓고 아픈 경우가 있습니다 유방은 많이 아픈데 아기는 배고프다 올고 땡땡 하기 부은 엄마 대선 아기 기물이 기도 힘들어서 엄마 더 고생 아기도 고생입니다 이번에는 모의 수연은 엄마들이 흔히 겪는 유방 울과 유방 울레 예방과 치료에 대해서도 말씀을 드리겠습니다 우선 유방 우리 무엇인가 부터 말씀을 드리겠습니다 유 방울 열은 모이를 문의는 엄마에게서 생기는 것인데 특히 출산 초기 신생활 키우는 시기에 흔히 발생합니다 엄마 유방이 는 항상 모유가 만들어져서 아이가 먹으면 비어 지게 됩니다 그런데 만들어진 모유를 다 비우지 못하게 되면 유방에 젖이 차서 땡땡 하기 붙습니다 이것을 유방 무리 라고 말합니다 유방 우리 생김은 유방이 붓고 무지하기 아픈 것이 특징인데 아파서 전 물리 힘들고 유방이 팽팽이 돼서 아이가 저절 물기도 힘들게 되어서 젓을 제대로 먹이지 못해 올리는 점점 더 심해질 수 있습니다 일단 온리 생기면 악순환으로 더 심해지기 쉽다는 이야기입니다 그래서 처음부터 올 일이 생기지 않게 주의해야 합니다 우리 생김은 젖먹이 힘들지는 것도 문제지만 우리 생김은 불과 며칠만에 모양이 확 줄어서 완모 하기 힘들어 지는 것도 문제입니다 우리는 모유를 먹는 동안은 언제라도 생길 수 있는데 특히 잘 생기는 시기가 있습니다 우리는 만들어진 시설 다 비우지 못할 때 생기는데 모유가 갑자기 는 라는 신세가 초기와 분유를 어리면서 모유수유를 그렇게 될 때나 제설 지나치게 빨리 끊는 경우 쉽게 생깁니다 이 중에서도 우리가 가장 관심을 갖는 것은 신세가 초기에 올린 데 이게 사실이 제일 크게 문제가 되고 이것 때문에 개설 제대로 무기 못하고 이것 때문에 분열은 문제 해야되고 이것 때문에 전량이 확 줄어서 분유로 가능한 엄마들이 많습니다 조금 이론적인 이야기를 말해 보겠습니다 허니 재선 먹은 만큼 만들어진다고 합니다 맞는 이야기입니다 그런데 신생아 첫날부터 수 이라는 좀 다릅니다 신생아 첫날부터 전시 돌고 전 양이 늘어날 때는 젓을 비우지 않아도 무조건 저희 늘어납니다 그래서 신생아 시기에는 적게 나온 초유 부터 열심히 젖을 먹는 연습을 제대로 하지 않으면 생후 231 경에 전시 돌 때부터 제대로 젓을 비우지 못하게 되고 갑자기 질량이 늘어나는 생후 한 3일에서 5일 경 됨은 유방이 꽉 찬 느낌이 들다가 어느 순간 갑자기 유방이 땡땡 할 정도로 붓고 엄청나게 아픈 유방 물이 생기게 됩니다 우리 생기면 엄마 몸은 제시 남는다 고 판단 하여서 모유 생성을 줄이게 됩니다 우리를 막는 방법은 단순합니다 뭐 일을 열심히 뭔 이면 됩니다 절 충분히 다 비우면 우리는 생기지 않습니다 사정상 채널 제도 비우지 못할 경우는 아프지 않는 만큼 살짝이라도 짜주는 것이 좋습니다 특히 신세가 시기 모유가 갑자기 일을 할 때는 모유만 법이지 않고 분유를 같이 못 잊는 경우 만들지 뭐 일을 다 비울 써서 우리의 잘 생깁니다 그래서 와 뭘 할 때는 점만 문의면 된다는 이야기입니다 특별한 랍비 이유가 없던 점만 먹일 생각을 하면 이것이 우리를 막는 제일 좋은 방법입니다 엄마 아기가 활용이 24시간 모두 동시 하고 엄마 품 안에서 아기를 키우면서 아기가 먹고 싶어하면 바로 젖을 물린 데 하리 에이들 벌써 열 두 번 정도 수유를 하고 한번에 15분 이상 젖을 물리고 신생아 시기에는 밤에도 4시아 이상 차는 깨워서 라도 젖을 먹이는 것이 좋습니다 그런데 우리나라에서는 이게 현실적으로 잘 안되는 이유가 있습니다 모유를 제대로 뭐니 위해서는 제일 중요한 것이 첫 한다 가 엄마와 아이가 하루종일 24시간 뭐 이동시 대하고 아기가 엄마 품속에서 배고파서 먹고 싶어할 때마다 바로 젖을 물리고 한번에 충분히 먹는 입니다 그런데 최근 몇 년 사이에 산후조리원 이용하는 4 모드 중에서 아기를 산후조리 1 신생아실에 맡기는 경우가 많습니다 그럼 전설 아이가 먹고 싶어할 때 바로 저서는 물리지 못하는 경우가 있고요 이렇게 되면 젖을 한번에 충분히 비우지 못하는 경우도 생겨서 우리 생기는 경우가 종종 발생합니다 게다가 밤에 엄마가 자는 동안 신생아실에서 분유를 먹이면 그만큼 젖먹는 양이 줄어서 만들어진 설 다 비우지 못해서 우리 생기는 경우가 많습니다 사루 주는 이용하는 거 상관 없습니다 출산후 산후 조리할 때 도와주는 사람이 없으면 절연 이용하는 거 상관 없습니다 돈이 쓰는 엄청나 잎이 산 4로 조리원을 이용해도 그건 상관없습니다 하지만 어떤 사회주의를 이용하던 하루 종인 24시 아모 이동시 라고 엄마 품에서 아이를 키우는 것이 아기의 애착 형성의 도 중요하고 아기를 자동모드로 키우는데도 정말 중요하고 뭐 1월 제대로 모으기 위해서는 이게 필수입니다 당연히 유방 우리를 맞는데 더 24시간 엄마 품에서 아이가 먹고 싶어할 때 바로 먹이고 한번에 충분히 먹게 하는 것이 중요합니다 하루종일 맡기는 그는 아니라 든지 잘때만 바뀐 다든지 콜 하면 바로 가서 제사를 물리는 것으로는 24시 1 뭐 정치 를 대신할 수 없다는 점은 꼭 알아두시기 바랍니다 이번에는 이미 생긴 우리를 칠하는 법을 알아보겠습니다 우리 심한 경우는 의사의 진료를 받고 이게 정말 우리 링 가를 확인하는 것이 중요합니다 울혈 내서 유선염 은 금방 넘어가는 경우도 있고 이 둘을 9분하기 힘든 경우도 있고 또 다른 비싼 등이 있기 때문입니다 우리를 치료는 예방법과 마찬가지로 열심히 젖을 물리는 것이 첫번째입니다 우리 생기기 전이나 울혈 초기에 저 빵 빠에 처럼 느낌이 들면 더 열심히 젖을 물려야 합니다 우릴 로 심하게 아픈 경우 타일이 논이나 부루펜 같은 진통제를 먹을 d 쓰는 좀 더 편하게 수유할 수 있기 때문에 도움이 됩니다 수유 저희는 다 딴 진지하고 수 후엔 냉찜질을 하는 것이 좀 도움이 됩니다 그리고 너무 주시 많이 불어 땡땡의 있어서 아이가 젖을 물리 힘든 경우는 조금 짜내서 유방을 좀 풀어주고 난 다음에 물리는 것이 좋구요 너무 저희 불어서 아기가 유두를 무기 힘든 경우는 유방에서 아기 입술이 닿는 알이 위쪽을 두 손가락으로 이렇게 양쪽을 유두를 사이에 두고 두 손가락으로 아기 입술 닿는 부위를 지긋하게 눌러서 아이가 물리치게 해준 다음에 젖을 물리는 것이 좋습니다 뭐 이수 중인 아 뭐 이수 후에 유방에서 그대랑 이 방향으로 양쪽 겨드랑이 방향으로 부드럽게 밀어내도 이 마사지를 하는 것은 도움이 될 수 있습니다 이게 유방의 찬울림 이 빠져가는 순환을 도와 줄 수 있습니다 하지만 우리를 풀려고 세게 문질러 마사지 하는 것은 권장하지 않습니다 우리는 푸는 것이 아니고 비우는 것으로 해 라는 것이 원칙입니다 아기가 충분히 개설 비우지 못한 경우 수유 남아 재설 짠 후 숟가락으로 보충해 주는 것이 도움이 될 수 있습니다 제시 너무 많은 경우는 저서를 줄이는 약을 먹는 경우도 있는데 이것은 의사의 처방을 받아서 사용하시면 됩니다 유방을 우리는 모일 수 중에 생길 수 있는 흔하지만 예방이 가능한 응급 상황 입니다 생후 3일 경 전시 갑자기 돌기 시작하면서 모유가 황 드러나는데 아이가 엄마 포의 살면서 바로바로 전설 비우지 못하는 우리는 생길 수 밖에 없습니다 우리 생이 따는 것은 현재 아기 사항이 아기가 재설 제대로 먹지 못하고 절 제대로 비우지 못하는 상황이라고 생각하시면 됩니다 우리는 신생아때부터 24시 아모 정치라고 모의를 열심히 먹이면 예방 가능한 병 이라는 거 미리 알아두시면 좋습니다 [음악] 으 으 으 으 으 으 으 [음악] 아 으 아 아 으
https://www.youtube.com/watch?v=RlhUUReRxgk,RlhUUReRxgk,#149  정말 심하게 아픈 유방 이스트 감염! 제대로 알아봅시다.,하정훈의 삐뽀삐뽀 119 소아과 (삐뽀삐뽀 119 소아과),[음악] 안녕하세요 소아청소년과 전문의 가져옵니다 모유 모유 고난 후에 유방이 너무 아프다는 산모가 정녕 있습니다 엄청 아픈데도 보기에는 뭘 등의 보이는 병인 유방의 이스트가 매미 대해서 언어로 말씀드리겠습니다 우선 리스트가 암을 의심할 수 있는 증상 부터 말씀 드리겠습니다 뭐 일수 일하는 엄마가 유방이 정말 심하게 아픈 데 유방이 눈으로 보기에는 크게 문제가 없어 보이고 모유수유 30분정도 뒤에도 많이 아프면 이스트 담임을 일단 의심 하시면 됩니다 이스트 감염은 리스트 라는 곰팡이와 일으키는 병인데 굉장히 아픈 것이 특징입니다 젖을 못 이전에는 별로 아프지 않다가 제설 모임에 나파 지기 시작하는데 제설 닿아 먹인 후에는 드 아픕니다 30분 임도 지나도 아픈 것이 특징입니다 찌르거나 타는 듯이 아프다고 말할 정도로 정말 많이 아픕니다 좀더 진행되는 유두에서 등 쪽으로 뻗어 나가는 듯한 통증이 생기기도 합니다 밤이 되면 더 아플 수 있는데 잠을 잘 수 없는 경우도 있습니다 심지어 아기 출산할 때 보다도 더 아프다고 말하는 엄마가 있을 정도입니다 이렇게 아픈데도 외관상 보기에는 멀쩡한 경우가 많아서 아파도 아파 보이지 않아 엄살을 부린다 는 눈총을 받는 경우도 간혹 있을 정도입니다 외관상 가 록 유두가 하얗게 되기도 하고 갈라지기도 하고 분홍 빛으로 살짝 붉어 질 수는 있습니다만 일반적으로 크게 이상이 보이지 않는 것이 보통입니다 이스 감염은 최근에 항생제 치료를 받았거나 제설 잘못 눌려서 유두에 상처가 생겼거나 유치 키를 잘못 사용하거나 유방 마사지를 세계에서 피부의 보호 기능이 손상을 받은 회생 이런 경우를 봅니다 그리고 아기의 입에 아구창 이 생긴것을 그 양두 것 어글리 수가 있습니다 모일 수 하는 부모 유방의 특별한 뱅뱅이 보이지 않는데도 모유를 못 u 20분에서 30분 후에도 유방이 아주 많이 아프다면 일단 이스트 담임을 의심하고 의사의 진료를 받아야 합니다 이스가 며 온 증상과 진찰 5 진단을 붙이는 병입니다 금사 로 진단을 붙이 하는 병을 아니라는 얘기입니다 일단 이스트 감염 으로 진단 붙으면 항진균제 연고를 사용하는 것이 우선인데 수주일 이상 가는 경우도 종종 있습니다 항진균제 약물을 처방하면 무좀약 이라서 아기가 먹는 자세는 못 바른다는 엄마도 있는데 그런 검색할 필요 없습니다 이 약은 엄마 제 3의 발라서 아이가 빨아 먹어도 아기 몸에 흡수가 되지 않는 약을 의사가 처방할 것이니 걱정하지 말고 안심하고 받으셔도 됩니다 항진균제 영혼은 수유 후에 유방을 물러 가볍기 쉽고 문질러서 딱지 말고 수건으로 가볍게 톡톡 눌러서 물기를 없앤 후 잘 말린 후에 연구를 발라주시면 됩니다 처방받은 횟수 만큼 충분히 발라야 하는데 아픈 유방의 만 바른 것이 아니고 양쪽 유방의 다 발라줘야 합니다 연고 바르는 것은 악이 있다는 부위보다 1일 센 정도 더 넓게 발라 주는 것이 좋습니다 영국 알아서 잘 낫지 않는 경우는 먹는 항진균제를 넘어서 치료하기도 합니다 엄마와 아기가 같이 걸리는 병이기 때문에 엄마 치료할 때 아기의 더 이스트 담임인 아구창 이 있던 없던 같이 싫어하는 것이 좋습니다 있으 감이 있어도 모이는 그대로 먹이시면 됩니다 다음은 리스트가 미미 있는 동안 나중에 먹이려고 모유를 짜서 보관했다가 먹이는 것은 권장하지 않습니다 하지만 보관된 모유의 몰릴 것이 분 이 밖에 없는 경우는 보관한 모유를 먹여도 됩니다 지르 중 당일 짜서 당일 먹이는 것은 상관이 없습니다 질 융의 집에서 주의할 것이 있습니다 아기의 이미 닿는 모든 것가 엄마 유방이 닿는 모든 것을 매일 20분 연도 삶아서 소개 줘야 합니다 수유에 는 유방을 물러가 듣기 쉽고 공기 중에 잘 말리고 다음 수유할 때는 연거 바른 유방을 씻지 않고 그대로 수 하시면 됩니다 리스트도 곰팡이 기 때문에 곰팡이는 습기가 차면 잘 생기기 때문에 리스트 감히 오래 갈 경우는 수시로 유방을 공개 잘 말려주는 것이 중요합니다 이스트가 미미를 힘든 경우는 엄마 제설 유두의 발라 말리는 것은 권장하지 않습니다 엄마가 먹는 것도 주의하는 것이 좋습니다 단 음식 많이 먹지 마시구요 요구르트는 달지 않는 플레인 요구르트를 먹는 것은 도움이 됩니다 이병훈 제설 끊는다고 좋아지는 병이 아니기 때문에 아파도 모이를 먹이면서 칠하는 것이 좋습니다 그럼 이렇게 수익이 아픔 명의 이스트 감는 맞느냐 하는 그건 아닙니다 이스트 담는 값 비싼 병인 세균 불교 등 더 유사한 통증을 일으킬 수 있기 때문에 수유 심한 유방 통증이 생긴 경우는 의사의 진료를 받고 지라는 것이 좋습니다 이 될 병은 치료 방법이 다르기 때문에 의사의 진료를 받고 정확한 진단은 붙이고 칠하는 것이 중요하다는 거 잊지 마시기 바랍니다 이스트 감염 그 자체는 아픈것을 때문은 위험한 병은 아닙니다 다음은 너무나 아픈 데도 외관상 은 멀쩡해 보이기 때문에 다른 사람들이 이 해주지 않아서 혼자 고민하다가 모유를 끊는 것이 가장 큰 문제입니다 모유수유후 유방이 많이 아픈 것도 의사의 진료를 받고 칠하는 백인 한 거 미리 알아두시면 좋습니다 뭐 일수에 대해서 좀 더 많은 것을 알고 싶으시면 정류 및 2위에 좀더 상세한 등이 있으니 참고하시기 바랍니다 아래 링크로 부츠 되겠습니다 참고하시기 바랍니다 으 으 으 으 으 으 으 [음악] 아 아 아 아 으
https://www.youtube.com/watch?v=V5QkbHHhI1M,V5QkbHHhI1M,#148  모유 먹이는 엄마도 기호품 즐길 수 있답니다!  : 하정훈의 육아이야기,하정훈의 삐뽀삐뽀 119 소아과 (삐뽀삐뽀 119 소아과),[음악] 으 으 으 으 으 안녕하세요 소아청소년과 전문의 가져온 입니다 뭐 이런데 김치 먹으면 안되냐 고 불평하는 수유 모델이 많습니다 먹고는 싶은데 아기에게 문제가 될까봐 꾹 참고 4 있지만 출산후 심는데 하지 말라는 것과 먹지 말라는 것이 너무 많아서 더 힘든 산 조립니다 이번에는 모유 먹이는 엄마 들의 기업형 에 대해서 말씀드리겠습니다 모이는 엄마 몸에서 만들어진 음식이라서 엄마의 몸으로 들어온 것은 어느 정도는 모의에 섞여 나온다고 생각하시면 됩니다 뭐 6개 나오더라도 아주 소량 나오거나 나와도 문제되지 않는 경우는 모유수유 중에 제한할 필요가 없을 겁니다 우선 제일 문제 말씀드릴 것은 엄마가 모이를 뭐지 더라도 대부분의 음식은 제안할 필요가 없다는 겁니다 원래 먹던 음식 때로 골고루 잘 먹는 것이 제일 좋습니다 하지만 밥만 먹고 살지는 안듯이 특별한 음식도 먹고 싶기 때문에 이번에는 엄마들이 알고 싶어하는 음식이나 기어 프로에 대해서 쭉 이야기를 해보겠습니다 1번 타자는 누가 뭐래도 김 실 큽니다 김치는 먹어도 상관없습니다 간혹 모의 수중에 김치 먹지 말라는 말 때무에 아프리카 오지에 간것도 아닌데 우리 음식인 김치를 먹지 못해서 식욕을 잃는 엄마들이 있습니다 모유수유 중에 매운거 조심하라는 말은 맞습니다 아주 매운 음식을 많이 머금은 아기 엉덩이가 할 수 있습니다 하지만 여기서 매운 음식 이란 것은 김치 정도의 음식이 아닌 청량 고추 보다도 훨씬 더 매우 넘치는 말합니다 외국에는 우리나라 청년 꼬추 보다 훨씬 더 매운 고추 들이 많습니다 이런거 먹는 것을 이야기 하는 겁니다 김치에 들어가는 고치는 그렇게 많이 미운 것이 아니니까 적당히 먹어도 문제가 없습니다 김씨 먹는다고 아기 엉덩이 흐른 것도 아닙니다 담은 김치는 소금 함량이 너무나 많기 때문에 적당히 먹는 것이 좋습니다 땀은 커피를 말씀드리겠습니다 커피 더 먹을 수 있습니다 다만 그 비서 의 카 페 이 문제가 될 수 있기 때문에 이 점은 주의해야 됩니다 커피 성의 카페는 머리로 일부 나오는데 카페인이나 이들은 커피를 많이 먹는 경우는 악의 이 몸에 축적되어 서 아기가 보채고 잠못자고 음이 떵 우리 될 수 있습니다 그래서 모유 수유 중의 커피를 먹는 경우 카페인 의 영향이 돼서는 꺽기 염두에 두셔야 합니다 특히 완모 를 하시는 경우 허락지 보다 모의 수리비 없기 때문에 반반 혼합수유 않은 경우보다 카페인이 영향이 두 배 란 것은 미리 염두에 두셔야 합니다 레이스는 완모 를 기준으로 말씀을 드립니다 반반 먹는 혼합주의 경우는 카페인이 영향이 반으로 줄어든다는 것 알아 2시는 것이 좋습니다 그런데 하나 주의할 것은 카페인은 나의 따라서 반응이 다른데 신생아는 체내 카페인 반감기가 승 에 비해서 그 10배 이상에 달할 정도로 워낙 긴것이 특징입니다 그래서 수중에 커피 먹는 것에 대해서는 그렇게 금지 하지 않지만 신생아의 경우는 조금 조심해야 됩니다 신생아에게 오는 소량의 카페인이 들어 와도 몸에서 잘 배출되지 않기 때문에 출산 5 첫 한 달 동안은 가능하면 피하는 것이 좋은데 정말 먹고 싶다면 먹더라도 양을 줄여서 조금만 먹는 것이 좋습니다 신생아 시기는 좀 조심해야 되지만 출산 후 한 달 정도 지나면 하루에 아메리카로 한두잔 정도 먹는 것은 대개 문제가 되지 않습니다 물론 더불 자세 아주 큰 잔이 아닌 뭐 급 정도를 이야기하는 겁니다 그리고 커피 마다 카페인 함량이 다른데 흔히 말하는 아메리칸 크기보다 콜드 브루 커피는 카페인 함량이 그의 두 배에 달하기 때문에 이 젬 더 꼭 염두에 두셔야 합니다 커피믹스 에는 아메리칸 오크 비워 다 카페인 함량이 절반 정도 라는 것도 알아두시면 도움이 될겁니다 다시 말하면 커피믹스 아메리카 너 폴더 브루스 로 카페인 양이 말을 한다고 알고 계시면 변합니다 그리고 사람마다 카페인에 대한 민감도가 다르기 때문에 커피를 먹는 경우 아기의 반응에 신경을 써야 합니다 만일 엄마가 크 피를 먹으로 아기가 보채거나 잠을 잘 못자는 경우는 그 피를 중단하거나 양을 확 줄여야 합니다 그리고 커피를 마신 후 1시간 후에 모의에 나오는 카페인 농도가 제일 없기 때문에 수유 후 급히 먹는 것이 카페인이 가는 좀 더 나을 수 있습니다 그리고 카페인과 유사한 성분들이 들어 있는 차 종류도 커피 중에서 먹으면 됩니다 또 에너지 음료와 콜라와 조건에서 도 카페인 역할을 하는 성분들이 들어 있기 때문에 이런 것을 많이 먹는 경우도 조심하셔야 합니다 실제 레스트 인데 몸에 좋다고 녹차 물로 분유를 5 목이나 가 있었는데 이 아가가 정말 심하게 보셨던 경우가 있습니다 이 아가 2호는 맹물로 분유를 타면서 그렇게 잠 안자고 버치 된 것이 사라져 들었습니다 잘 모를때는 병 평범한 이크는 것이 제일 좋습니다 그 다음은 술 이야기를 해보겠습니다 술은 모의 수중에 기본적으로 권장하지 않습니다 안먹는게 좋습니다 모유에는 엄마가 묵은 앓고 이 나올 수 있고 어린 아가들은 소량의 알콜의 도 두뇌 발달이 문제가 될수가 있습니다 하지만 가볍게 기분을 푸는 데 도움이 될 수 있다면 맥주한잔 등도 는 가능합니다 다만 맥주 한잔을 먹게되는 2시간 이상의 간격을 두고 수일 하시고요 두 잔의 맥주를 먹으면 4시간 이상의 간격을 두어 수리를 하시는 것이 좋습니다 그래서 저녁에 아이가 잠들기 전에 수위를 하고 술을 마시는 것이 제일 좋습니다 범주 충분한 시간이 지난 후 나중에 젖을 먹일 경우 젖을 짜서 버리고 먹일 필요는 없습니다 담배 더 말씀드리겠습니다 담배는 모유 수중에 끊는 것이 좋습니다 담배를 피우면 모유를 통해서 넘어가는 니코 팀이 아가에게 문제를 일으키기도 하지만 이것보다는 모유 양이 줄어들고 사취 얻게 되어서 모유수유가 힘들어질 수 있는 것이 제일 큰 문제입니다 모유수유 중에는 금융이 좋지만 금년 이란 것은 생각만큼 쉬운 것이 아닌 경우도 있기 때문에 어쩔 수 없이 담배를 피는 경우라도 모유를 끊어야 하는 것은 아닙니다 금년이 불가능하다면 가능하면 피우는 개수를 주시고요 수유 직후에 표는 것이 좋습니다 물론 아가 근처에서는 절대 를 흡연 애쓰는 안 된다는 것은 상식 중에 상실됩니다 전자담배도 마찬가지로 권장하지 않습니다 그리고 그 다음은 파 약대가 들어간 음식에 대해서 말씀을 드리겠습니다 뭐 이 수중에는 기본적으로 하 약재가 들어가 있는 음식은 권장하지 않습니다 약효가 있다고 알린 음식들도 마찬가지입니다 그런 음식들은 그만큼 모유의 약성 분들이 나와서 영향을 미칠 수 있는데 대부분의 1 약지와 민간 앞 뒤로 들은 수중에 안전성에 대해서는 제대로 금융 된 것을 저는 보지 못했습니다 그래서 저는 권장하지 않는다는 얘기입니다 안전성이 입증되지 않는 약용 엄지원 수중에 먹지 않는 것이 중요합니다 모일 수 있는 아기에게 중요합니다 적어도 까지는 모유를 먹이는 것이 굉장히 중요하고요 가능하면 2동 까지 모유를 먹이는 것이 엄마와 아이에게 좋습니다 모유를 먹일 때 참고 또 참으면서 억지로 먹이기 보다는 기어 폼 사용에 대해서 정확하게 알고 조심할 것은 조심하고 즐길 수 있는 것은 즐기면서 기분좋게 모유를 먹이는 것이 더 좋을 겁니다 모의 수유와 뭐 이 수중 기어 품사 행에 대해서 좀 더 자세히 알고 싶으신 분은 유투브이 정유미 db 를 참고하시기 바랍니다 아래의 링크를 붙여 드리겠습니다 [음악] 으 으 으 으 으 5 으 으 [음악] 으 아 아 아 아 으
https://www.youtube.com/watch?v=SjJSeQXL488,SjJSeQXL488,#17 모유 늘리는 방법,하정훈의 삐뽀삐뽀 119 소아과 (삐뽀삐뽀 119 소아과),뭐 이런 보기 다 본 모유가 모든 사람들한테 자 잘 나오는 것은 아닙니다 어떤 엄마들은 모유가 부족한 경우도 있습니다 이런 경우는 모유를 누리는 방법을 갖다가 아예 안 엄마한테 이제 뭐 알려 드리는데 모유를 누리기 위해서 걍 중요한 방법은요 첫 번째 모유 먹는 횟수를 충분하게 뭐야 됩니다 바위에 보통 8분 에서 12번 정도의 수유를 해야 되고요 그 다음에 한번 빨 때 충분한 시간 충분히 반 충분히 줘서 비워야 되는데 한번 수유시 의 15분 이상을 절 물린다고 생각하시면 됩니다 보담 인수할 때 양쪽 개설 동시에 먹이는 것이 또 중요한데 어 한 쪽 수유하고 충분히 다 비운 다음에 양쪽 바르트 반대편 짓을 또 이제 물리게 됩니다 그 다음에 이렇게 충분히 하고 난 다음에는 어 젖을 먹일때 눌러서 먹이는 것이 또 중요합니다 수유 하다가 중간쯤 나오고 난 다면 절 구 물은 철제 잘 먹이고 보담 또 얘가 또 삼키지 않고 젖이 잘 안 나오면 또 돌아가면서 공간에 말씀드리고 노리는 것이 좋습니다 이렇게 하고 난 다음에 저희 여행도 다 비운 가능성 충분히 다 비운 다음에는 반대편 유방을 또 똑같은 방법으로 절 눌러가면서 다 비웁니다 자 이렇게 하는 것이 네 집에서 기본적으로 모의를 내리는 방법이고요 이렇게 눌러서 카이 잘 모이고 난 다음에도 제시 부족하다 그럴 때는 어유 측 키를 사용해서 절 좀 더 짜주는 방도 2종이 합니다 유축기는 엄마들 개선이 갖고 있는 좀 이제 비용이 싼 그런 유치 키 사는 유치 그런 것을 사용하라는 말이 아니고 병원에서 사용하는 전동 유즈키 양쪽을 동시에 짜는 전동 유축기 를 빌려 가지고 사용하는 것이 좋습니다 어 일반적인 보통의 쭉 유축기 하고 되는 특히 고급형의 차이는 아이가 빠는 것을 얼마나 모방할 수 있느냐 이런 것들이 또 자인하고 얼마나 재서 효과적으로 배울 수 있냐 이런데 4일 하기 때문에 가능하면 어유 끼는 조언이 찍기 들여서 사용해야 됩니다 허니 많이 사용되는 죽기는 메델라 에서 나오는 심포니 나하 물이 같이 병 급으로 대여하는 6기를 갔다가 빌려서 사용하는 것이 일반적으로 금 고대는 모였습니다 유축기를 사용할 때 주의할 것은 요 견인해 저서 짝 20기 란 의미가 아닙니다 우측 키를 저서 너 디게 사용할 때는 요 젖을 다 먹고 난 다음에 빈 제설 양쪽을 동시에 짜는 것을 말합니다 듣자마자 난 나와야 돼요 안 나오는 에서 짝 때 우리 몸은 아 여 유방에서 젖이 부족하다는 걸 인식을 가지고 저술 좀 더 만들어 내는 그런 쪽으로 우리 몸을 변화 시킵니다 그래서 유축기를 사용할 때는 절 다 비운 담이 굉장히 을 한번에 15분씩 가렸을 뿐인데 라는 것이 어 중요합니다 이렇게 총무 자게 되면 상당히 많은 수에서 젓을 좀 시간이 걸리겠지만 자신 오른 악에 대해서 아이가 예 저도 충분히 먹게 되는데 이렇게 도달 되지 않을 때는 고다미 하는 방법이 뭐 있어 전문가 들이 판단해 가지고 이제사 청순 껏 한테 걸 해줄 겁니다 그리고 이렇게 오래 가지고서 청소 니까 산하 뭐 일을 잘하는 이제 가사 샘한테 처방 거래를 하게 되면 모이를 요리는 약을 처방받아서 사용하는 경우도 있습니다 단 주의할 것은 모유 드리면 약은 앞에서 말한 이런 기본적인 방법을 다 하고 난 다음에 그래도 되지 않을때 이제 뭐 이런 기본적인 방법을 쓰면서 같이 사용할 방법이지 다른거 아무도 안 하면서 전 어린양 먹었다고 3 순으로 나냐 그것은 아닙니다 그래서 전 늘이는 방법 또한 이제 저들은 중요합니다 다시 정리하면 모이를 비교해서는 횟수를 충분히 8 프리셀 2박 그 다음에 한번 수시에 충분한 시간동안 젖을 충분히 배워야 된다는 거 15분 이상 보인다는 거 고요 그리고 한번 수시 양쪽을 동시에 양쪽을 동시에 수요 한다는거 이것이 의미하고 수유할 때는 절 더 비우기 위해서 눌러가면서 버린다는 것이 중요합니다 고 다음은 양쪽 동시에 짜는 병원급 전동 유축기 를 들려 가지고 직업의식 알이 6번을 빈 젖을 짜 준다는거 그리고 그래도 안될때는 모유를 밀약을 의사의 처방을 받아 사용한다는 것 이것이 가장 중요합니다 이렇게 말씀드리면 많은 밖에서 그럼 마사지를 하는 것은 뭐 어떻습니까 라거나 아니면 뭐 이러면 수많은 음식들이 인데 어떻게 할 것인가 이렇게 물어보시는 분이 있는데 물론 그런 방법을 고려할 수 있겠지만 가장 중요한 본 지금 말씀들이 이런 방법들입니다 이런 방법을 상황을 한 다음에 더 그 다음에도 만약에 좀 더하고 싶을 때는 보충 요법 으로 나머지 이제 마사지 라든가 아니면 모여 드리는 음식을 어 전문가의 의견을 같다구 해가지고 시도 할 수 있습니다 많은 기본적인 방법은 항상 지켰던 우선적으로 실시해야 된다는 것을 잊지 마십시오
https://www.youtube.com/watch?v=q74NfJnc9C0,q74NfJnc9C0,#53 모유끊을 때주의할 점 한가지 : 하정훈의 육아이야기,하정훈의 삐뽀삐뽀 119 소아과 (삐뽀삐뽀 119 소아과),we [음악] 안녕하세요 소아청소년과 전문의 가져옵니다 오노는 환자 중에서 모유를 먹이다가 모유를 끊고 이제 우리 로 바꾼 위에 우유를 전혀 안 먹는 것이 문제가 되어서 옴 사람이 있었습니다 그래서 제가 물어봤습니다 모이는 언제부터 먹고 뭔지 부터 받았습니까 물어보니까 돌 지나서 모유 먹다가 어 그 뭐 이런 많이 먹기 때문에 끊고 그 다음에 3무 로 바꿨는데 안 먹어서 목이 다 목이 다 폭에 딱 말합니다 자 모유에서 3무 를 바꿀 때 돌 되면 3무 로 바꿀 수 있는데 주의하겠습니다 모유에서 대물을 바꿀 때는 반드시 끊고 바꿔 치 말고 우유를 갖다 내리면서 3 그늘이 는 양만큼 모이를 줄여가는 이름 방식으로 교체 해 나가야 됩니다 그래서 최종 목표는 우유가 1 400 의 502 되면 몰이를 끊는 식으로 한 2주 이상 간격을 두고 서서히 조절하는 것이 제일 중요합니다 그렇게 하지 않으면 일부에서는 모유를 끊고 오히려 먹었을 때 문제없이 위를 잘 묻기도 하지만 상당히 많은 아이들이 모유를 끊고 한다면 우위를 못지 않는 경우가 생기기 때문에 점진적인 교체가 필요 달랩니다 쉽게 야겜은 뭐 아빠가 직장 다니는데 직장이 마음에 안든다고 직장을 때려치고 3 짱을 구하기는 쉽지 않죠 직장 다니는 동안에 직장을 다른 짱구 안다미 이직을 하는 건 쉽지만 그만두고 다시 고 알라 그러면 굉장히 힘 적으로도 부담되고 원래 직장 보다 못한 직장으로 구할 수도 있다는 이야기입니다 그래서 뭐 이 무기는 데에 있어서 3 몸을 바꿀 때는 반드시 우유를 먹는 만큼 줄여가고 최종 400 에서 배경도 우유를 먹게 될 때 모유를 끊는 이름 방식을 택해 한다는 거 위치 마십시오
https://www.youtube.com/watch?v=EEFXM4m3ZXg,EEFXM4m3ZXg,#109  신생아 모유수유! 제대로 시작해봅시다.,하정훈의 삐뽀삐뽀 119 소아과 (삐뽀삐뽀 119 소아과),아 예 안녕하세요 우화 정성까지 물리의 하죵 요즘은 모유가 아기에게 좋다는 것은 엄마들은 다 알고 있습니다 하지만 막상 아기를 낳고 정신없이 산을 위하다 보면 어느새 아기띠 위병이 물려 있는 것이 우리나라의 현실입니다 이번에는 신세가 모일 수 있는 어떻게 해야지 들을 할 수 있나 간단하게 알아보겠습니다 만일 모유수유에 대해서 좀더 상세한 정보를 알고싶으신 분은 온 유튜브에서 정유미 db 를 보시면 뭐 일수에 대해서 좀 더 많은 정보를 보실 수 있습니다 아래의 정림 2tv 위한 링크로 붙여 드리겠습니다 모유를 먹이려면 출산 전의 모유수유에 대해서 미리 공부해서 모유수유 할 준비가 되어 있어야 합니다 아이가 모유를 먹는 것은 본능 이지만 부모가 재설 제대로 물리고 모유를 제대로 먹이는 것은 교육을 받아야 합니다 얘들은 인기 별 필요가 없었죠 예전에는 내가 좋게 되었고 이 우씨 어울려 살았기 때문에 일상생활에서 젖먹이는 것을 보고 자랐습니다 그래서 전 물린 법과 모유 먹이는 것이 된 모든 것을 저절로 배웠던 했죠 이런 것을 문화라고 합니다 하지만 요즘은 신세대 부모들은 대부분 어릴때 공무원 하고 아이를 키운 것을 제대로 번지기 없기 때문에 젖먹이는 것을 본 적이 없습니다 그렇기 때문에 모유수유에 대한 문화가 없다고 생각하시면 됩니다 만일 모의 대한 문화가 없는 요즘은 부모들이 아기에게 모유를 무기력 안다면 출산 전부터 모의 대한 공부를 미리 해서 모유수유 하는 방법을 제대로 배워야 합니다 그래서 모의 산정 교육이 필요하다는 겁니다 모의 공부를 미리 하지 않고 아이가 태어나는 어찌 되겠지 또는 산후조리원 가게 되면 어떻게든 되겠지 라든가 바랄 새집에 끈이 하고 막연하게 생각하다가 는 제대로 모유를 먹이는 것이 힘들게 됩니다 모의 술이라는 것이 모유를 먹여 키우겠다 엄마의 마음 만으로 되지 않는다는 이야기입니다 인터넷이나 유튜브에서 모유의 대해서 더 기존 이야기만 듣고 출산 5살 조리 하면서 얼떨결에 남들이 하는 대로 끌려 가다가는 사는 우리가 끝나면 모일 수도 끝난 있는 경우가 상당히 많습니다 뭐 이를 제대로 보닛이 되면 적어도 출산 첫날부터 한 달까지 신세가 시기의 월 수유가 제일 중요하기 때문에 이 시기를 출산 들의 미리 공부해서 준비해야 됩니다 자 그럼 진세가 모일 수 에 대한 본론으로 들어갑니다 신세하 에게 모유수유를 제대로 하려면 요 모자 동시 히 제일 중요합니다 산후조리 한동안은 물론 첫 한 달간 진행하는 엄마와 하루종일 24시간 같은 방에서 엄마와 아이가 함께 있어야 합니다 이게 뭐 의술을 제대로 하는데 제일 중요합니다 간혹 아기는 신세 맛이 두어 코라는 가서 뭐 의복 이면 되는거 아니냐고 말하는 엄마도 있는데 이거는 뭐 장실 가는 거리가 멀고 요 이렇게 하다가는 아기 더 모유를 제대로 먹을 수가 없고 엄마 더 아기가 배고플 때 바른 3살 물릴 수 없기 때문에 좀 골라 해집니다 관옥 잘때 빼고는 계속 엄마랑 같이 쓰면 되는거 아니냐고 말하는 부모도 있는데 이것은 모성 식이 아닙니다 바위에 블루가 몇 시간만 신생아실에 맞게 도 모유를 제대로 보니 힘들어 질 수가 있습니다 놀랍게도 우리 전통 유가에서 사는 저희는 항상 아기가 우선 이었구요 지금 전세계 다른 나라에서도 산후조리는 엄마가 쉬는 것의 중점 맞추기보다는 진생 아 돌보는 것을 최우선으로 생각하고 있다는 점 꼭 염두에 2시기 바랍니다 놀랍게도 많은 부모들이 생각과는 달리 출산은 엄마의 산호 회복은 아기야 따로 떨어져서 누워 쉬는 것보다는 24시간 엄마와 아기가 함께 있으면서 엄마가 아기를 돌보고 모유 먹이고 빨리 일상에 복귀하는 것이 더 좋고 더 빠르다는 겁니다 해보기도 빠진다는 겁니다 신세가 태어나는 가능 않은 빨리 엄마 젖을 물리는 것이 중요한데 태어난지 30분에서 1시간 이내에 뭐 이수를 시작하면 됩니다 재앙 제기를 한 경우에도 가능하면 빨리 제살 물리는 것이 원칙입니다 그리고 신세가 배고파 하면 바로 젖을 먹이는 것이 중요합니다 배고픈 아기 든 자다가 깨서 꼼지락 거리면서 입맛 다시고 젖 빠는 시늉을 하고 엄마 젖을 찾습니다 이때 자살 물리치면 됩니다 이럴 때 젖을 물리지 않아서 아기가 배가 더 거프 게 되면 언제 울게 되는데 올 때 전 물리면 너무 넣습니다 온리전 mod 는 것이 제일 중요합니다 신생아는 시간 맞춰서 먹이는 것이 아니고 백업 할 때 먹어야 한다는 것 잊지 마십시오 신 세관을 신생아실에 맡기고 콜 받아서 가면 이미 울고 있을 겁니다 그럼 이게 내 뿐만 반복되어 도 아기는 배고픈 바로 울기 때문에 나중에 아기가 배고픈 것을 엄마가 제대로 알기 힘들어 지게 됩니다 매 시간마다 수야 라고 말하는 자칭 전문가들도 간혹 보는데 이건 좀 황당한 이야기 입니다 아기들은 아기마다 다 다릅니다 먹는 시간과 다르고 자는 시간 다다라 줘 신세가 들은 몰아서 먹고 몰아서 타는 경우가 흔합니다 아기가 백업 할 때마다 한번에 충분히 먹이게 되면 나중에 아기 슬어 어느정도 시간을 마치고 자기에게 필요한 양을 알아서 먹게 되는데 만일 부모가 임의로 시간을 맞춰서 술 하거나 양을 정해서 술 하게 되면 아이가 스스로 배고파서 먹고 자기가 먹은 만큼 충분히 먹는 자기 믿음을 잃어 버릴 수 있기 때문에 정말 주의해야 됩니다 모유를 제대로 뭐 길이면 처음부터 모유만 먹이는 것이 중요합니다 모유는 아이가 먹는 만큼 나오기 때문에 밤에 엄마가 쉬어야 한다고 분유를 같이 먹이게 되는 그만큼 모유수유 양이 줄게 됩니다 그리고 신생아는 하루 8번 해서 12번 까지 자들을 먹이고 요 한번 모일 때 한쪽을 15분 이상 4번 양쪽 술 충분히 다 비워 주는 것이 중요합니다 아기와 반응하면서 목에 하는데 먹다가 졸려 하면 적당히 깨 오면서 1분 먹일 때 충분한 양을 문일 수 있게 노력을 해야 됩니다 쉽게 말함 댓거리 를 키워지는 약 2조 신생아는 밤낮 을 9분하지 못하기 때문에 밤에도 백업하면 바로 몬 2시고요 밤에 4시간 이상 자는 깨어서 뭐니 십시오 가능하면 위벽을 물리지 말고요 0 말 직업지도 신생아 시기에는 가능하면 사용하지 않는 것이 좋습니다 이렇게 공갈젖꼭지를 신생아 때 빨리 등은 엄마 젖을 잘 물지 않으려 할 수 있습니다 그리고 의학적 필요가 없는데 젖을 짜서 먹이는 것은 절대로 하지 마십시오 사 는 소 리 에서는 엄마가 짠 쓸 누군가 다른 사람이 먹이 주지만 집에 가면 엄마가 짜서 엄마가 다시 먹여야 하는데 그럼 직접 수여하는 보다 수 션이 2개가 걸려서 엄마가 엄청난 고생 할 수가 있습니다 유축기는 산전이 미리 준비할 필요가 없고요 산후 조리할 때도 의학적으로 꼭 필요한 경우 외에는 가지고 있을 필요가 없습니다 돈 들여 하는 유방 마사지 도 대부분 엄마들에게 필요 없고요 원래 모유는 그런가 하지 않아도 잘 먹일 수 있어야 하는 것이 정상입니다 특수한 경우가 아니라면 모유 수유 후에 나 먼저 선 짜지 말아야 합니다 이렇게 먹이는 것이 간편하게 살펴본 신세가 모의 수에 방법입니다 뭐 이수인 아기 뿐 아니라 엄마에게 더 좋습니다 모유수유를 쉽고 제대로 알리면 첫 2주 동안 사루 조리할 때 하루종이 낮이나 밤이나 엄마와 아이가 같은 방에서 모자 동시를 하고 아이가 먹고 싶어할 때마다 한번에 충분히 먹이는 것이 제일 중요하다는 거 밑이 마십시오 그리고 이게 또한 아기를 시키는데 제일 중요하다는 것도 꼭 알아두시기 바랍니다 [음악] 으 으 으 으 으 으 [음악] 으 으 [박수] 으
https://www.youtube.com/watch?v=7LNtrFk50iA,7LNtrFk50iA,#113  모유수유 중에는 약 사용 조심하세요,하정훈의 삐뽀삐뽀 119 소아과 (삐뽀삐뽀 119 소아과),아 으 아 예 안녕하세요 과 천생 까지 문이 가능 모유수유 할때 약먹으면 큰일 난다고 생각하는 부모들이 있습니다 그래서 리퍼 펄 아닌데도 우리 아기를 위해서 참겠다는 부모들을 보면 좀 안타깝기도 합니다 이번에는 모유 수유할 때 약 먹는 것에 대해서 기본적인 내용을 알아보겠습니다 만일 모유수유 중 약 사용에 대해서 좀 더 자세한 이야기를 알고 싶으신 분은 유투브이 정유미 뒤에 들어가셔서 모유와 모여 갈 된점 더 산 3명을 찾아보시면 됩니다 정림 2tv 링크는 아래 설명란에 부채 드리겟습니다 여기서는 모의 수중 약 사용에 대해서 비교적 간단한 이야기를 시작해보겠습니다 모이는 엄마 몸에서 만들어지는 것이기 때문에 엄마가 먹은 것은 많든 적든 모유로 나온다고 생각하시면 됩니다 약도 음식이나 마찬가지로 일부나마 모유로 나옵니다 그렇기 때문에 모유수유 중에 양문 것을 주의해야 한다는 것은 맞는 이야기입니다 그럼 모유수유 중에는 아기를 위해서 엄마는 아파도 참아야 하느냐 하면 그런 것은 아닙니다 모유수유 중에도 약은 먹을 수 있습니다 하지만 모든 약을 다 사용할 수 있는 것은 아니기 때문에 진리 하고 약 처방 받을 때 모유수유 중 임을 밝히고 뭐 유수의 상관없는 약이라는 것을 확인 하고 처방 받는 것이 중요합니다 센 약 이는 모의 시에 사용할 수 없고 약한 이야기는 모유수유 중에 사용할 수 있다 이런 개념이 아닙니다 가벼운 간게 사용하는 약 중에서도 모유수유 할때 사용하면 골라낸 약이 있기 때문에 모유수유중 이는 함부로 약을 사서 뭐 그건 곤란합니다 그럼 뭐 일수 중인데 아픔을 어떻게 하나요 뭐 당연한 이야기죠 의사 딜로 받고 치료 하시면 됩니다 다만 뭘 수유 중에는 의사의 진료를 받을 경우 미리 모여 대해서 잘 알고 모유수유 중에 사용할 수 있는 약을 처방할 수 있는지 미리 확인하고 진료를 받는 것이 좋습니다 모든 은사들이 이거 거의 모든 부분을 다 알 수는 없습니다 그렇기 때문에 모든 회사들이 모유수유 중에 약 사용하는 것에 대해서도 정확하게는 다 알 수 없습니다 그래서 미리 확인하지 않으면 헛걸음을 할 수도 있습니다 관옥 약을 처방 받은 후 그 약이 모유 수유 중에 상관없는 야 인가 확인하기 위해서 문의하시는 분들도 있는데 이것은 좀 골라 가는 이야기입니다 처방할 때 모의 수에 아니라 약을 처방하는 것은 비교적 싶습니다 하지만 모유수유에 대한 고려를 하지 않고 처방된 약이 안전한 가를 확인하는 것은 몇 배 더 어렵습니다 그래서 진리 할 때 모유 수유의 안전한 약으로 처방해 달라고 미니 이야기를 해야 하는 겁니다 간혹 7월 위해서 뭐 일을 끝내야 한다는 이야기 도 됐는데 항암치료가 아니란 대부분의 치르는 모일 수 에 상관이 없구나 영향을 최소화할 수 있는 다른 대체 약들이 있습니다 이런 약들을 선택해서 7 하시면 됩니다 허니 사용되는 해열제 와 항 승계의 대부분은 모일 수 하는데 문제가 없으며 간혹 문제가 되는 양 수도 있지만 대체할 수 있는 약들이 있기 때문에 안전하게 치료할 수 있다고 생각하시면 됩니다 그래서 모유수유 중 약 사용에 대해서는 및 이어서 상의하시고 안전한 약으로 처방해 달라고 하시면 됩니다 모의 수 중이라고 아픈데 참지 마십시오 모유 본인 엄마가 금강 이야 으 골라 잘못입니다 오 오 오 오 오 오 으 으 으 으 으 [박수] 으
https://www.youtube.com/watch?v=zwamHuXXqzI,zwamHuXXqzI,#170  신생아 트림! 선택같은 필수입니다: 하정훈의 육아이야기,하정훈의 삐뽀삐뽀 119 소아과 (삐뽀삐뽀 119 소아과),[음악] 아내가 되어 4층 생가 전문의 가정입니다 수연 d 는 흔히 흐름을 시킵니다 모의 수일 하든 분수 이라 든 흐름을 시키는 것이 일반적입니다 아기는 모유나 분유를 먹을때 공기도 같이 마십니다 들으 마신 공기는 같기 때문에 아기의 자세에 따라서 식도를 통해서 다시 입으로 올라오게 됩니다 밑에 올라오는 공기보다 위쪽에 먹은 음식이 있으면 음식 공기 밀려 나와서 털을 하게 됩니다 수유 트림을 시키는 목적은 아기를 세워서 음식 물과 공기를 분리한 다음 공기만 입으로 올라오게 하는 겁니다 보통 아기들을 드린 지킬 때 엄마의 왼쪽 어깨에 그것에 손을 대고 아니면 수분을 되고 아기 입을 그 쪽으로 오게 해서 새와 는 다음의 등을 아래위로 쓰다듬다가 나까지 두드러지는 것을 반복하게 됩니다 반 홉 흐름을 하면서 턴을 하게 돼 있는데 이때는 공기를 적게 들어 마시도록 젖꼭지를 깊숙이 물리 시고 반쯤 먹은 뒤 흐름을 시키고 또 나머지 마늘 묵인 후 트림을 시키는 것도 한가지 방법입니다 모이를 먹는 트림을 안 시켜 되는지 아는 부모 도 있고요 심지어 모이를 먹는 크림을 시켜서는 안된다 를 말하는 사람도 있는데 이건 이상한 소리 입니다 모유를 문이나 기도 수유 후 잘 토하면 흐름을 시켜주는 것이 좋습니다 물론 전혀 통하지 않는다면 모유를 먹인 후에 들음 안 시켜도 됩니다 왜냐하면 모이를 먹는 경우 제대로 먹인다면 분유를 먹일 때 보다 공기를 적게 들여 마시기 때문입니다 잘 모르겠구나 금이 나면 모이를 먹던 분유를 먹던 드림은 시켜주는 것이 좋습니다 트림을 시키는 데 트림 1 않는다고 고민하는 부모도 있는데 트림을 하지 않아도 아기가 토하지 않는다면 아무 상관 없습니다 드림 을 해도 아기가 다 포토 한다면 당연히 소아청소년과 의사의 진료를 받고 다른 이사가 없는지 확인하는 것이 안전합니다 으 으 으 으 으 [음악] 으 [음악] 아 아 아
https://www.youtube.com/watch?v=5eQNbxxhzP4,5eQNbxxhzP4,#175  아기 수유!  3시간 마다 먹이지 마세요. : 하정훈의 육아이야기,하정훈의 삐뽀삐뽀 119 소아과 (삐뽀삐뽀 119 소아과),[음악] 으 으 으 으 [음악] 안녕하세요 소아청소년과 전문의 아정 입니다 신생아가 태어나면 아기를 어떻게 무게 하나 고민하는 초보 부모들이 많습니다 소아청소년과 에 와서도 3시간마다 먹인다 고 말하는 부모도 있습니다 이번에는 신세가 머니는 시간 간격에 대해서 말씀을 드리겠습니다 웃은 말씀드릴까 든 시간 맞춰서 먹의 한다는 내용은 잘못된 내용입니다 유니세프를 필요한 전 세계 2화 전문가들이 한계까지 건너가는 것은 언 타임이 아닌 온 디맨드 로 먹이라는 겁니다 이거 좀 더 쉽게 이야기하면 시간 맞춰서 먹이지 말고 아이가 배고파서 먹고 싶어하면 무디 라는 이야기입니다 이건 뭐 의술을 하든 분유수유 1 하든 마찬가지입니다 단 옥 모이를 수시로 모의 라고 말하는 사람도 있는데 이것은 온 디맨드 란 지침을 잘못 번역한 것으로 생각됩니다 예전에 우리 부모들은 시계 복어 아기의 첫 존 적 없습니다 세상에 어느 동물도 시간에 맞춰서 아기에게 젖을 주지 않습니다 많은 부모들이 생각하는 달리 신세가 되는 원래 시간을 맞춰서 먹는 것이 아니고요 정상적으로 뭐 라서 먹고 뭐라 서자 합니다 그렇기 때문에 신세가 첫날부터 아이가 배고파 할 때 마음껏 모이고 그 다음 배고파 할 때까지 느긋하게 기다리시면 됩니다 그럼 박 이들은 점점 109 리가 커져서 먹는 양이 늘어나면서 수개월 사이에 먹는 것이 저절로 어느 정도 규칙적으로 변하게 됩니다 아기들은 자기가 필요한 양을 자기가 알아서 먹고 조절하는 능력을 타고나는 데 아기가 스스로 조절하게 첨부터 맡기면 부모가 모모치 1가 양을 조절 하려고 오신 것을 필요도 없고요 아기 몸무게를 조절하려고 도 신경 쓸 필요 없이 대부분 제재도 됩니다 그럼 적정할 때 소아청소년과 갈때마다 몸무게 측정 하고 아기가 제대로 잘 하는가 를 확인 하시는 것으로 충분합니다 이게 자동모드 6 아이고 이렇게 아이를 키우면 참 쉽습니다 우리가 문법을 공부하듯이 수도 분수 하는 연구들이 있습니다 이런 연구들이 는 평균 몇 시간마다 얼마씩 명단 자료들이 있습니다 육아를 잘 모르는 사람들이 일은 자료를 보게 되면 마치 아기 들이 개월 들로 몇 시간마다 한번에 얼마 심어야 한다는 식으로 잘못 이해하는 경우가 생깁니다 그래서 몇 시간마다 얼마씩 무기 라는 식을 자료들이 인터넷에 돌고 있는 겁니다 그런데 실제로 아기를 키우는 부모들이 이걸 보고 따라하게 되는 정말 곤란한 일이 벌어집니다 쉽게 이야기해서 차 기름 며칠 맛 않았습니까 말도 안되는 이야기죠 차마 다 다르고 오랜 그림 마다 다른데 그걸 어떻게 일정을 정할 수 있겠습니까 그냥 기름 들 때가 되면 기름 가슴 너무 됩니다 그러다 보면 대충 며칠에 한 번 논다 는 식의 재산이 나오게 됩니다 술도 마찬가지 입니다 아이가 배고파 할 때마다 한 분의 충분히 문 2시면 됩니다 그걸로 충분합니다 그럼 아기들은 시간이 지나면서 원도 일정하게 시간을 정하게 됩니다 처음부터 시간을 정해서 시연이 입자가 이 드는거 자유롭게 먹이다가 자기가 스스로 정한 것은 하나가 땅 차이입니다 저절로 자기가 할 수 있게 아기한테 맡기시면 그걸로 충분합니다 하지만 정말 주의할 것이 하나 있습니다 이렇게 백업 할 때 마음껏 무기는 것은 신생아때부터 하면 시계 됩니다 산후 조리할 때 부터 아기를 시간만 잠복 이거나 배 많이 고프지 않은데 모이게 되는 아기들은 스스로 배고 풀 때 마음껏 먹는 것을 처음부터 배우지 못할 수 있습니다 그럼 엄마들이 아기를 키우기 많이 힘들어 질 수 있습니다 그래서 산후조리원을 이용하더라도 아기는 하루종일 낮익은 밤 익은 24시 1 엄마 품에서 키우는 것이 중요한 겁니다 잊지 마십시오 아기 수위는 신생아때부터 시간 맞춰 먹이지 말고 아이가 배고파서 먹고 싶어할 때마다 마음 끔 보이는 것이 중요합니다 그럼 나중에 서서 일정하게 먹게 되는 습관이 만들어지고 그 때가 되면 저절로 예측 가능한 수 이 패턴이 자리잡게 되는 겁니다 다시 말해 는 아기가 저절로 일정한 시간 간격으로 먹게 된다는 겁니다 신생아때부터 시간 맞춰 보기 생각하지 마시고요 배고파서 먹고 싶어할 때마다 만큼 오십시오 이게 신생아 수유의 가장 기본이 라는거 잊지 마시기 바랍니다 으 으 [음악] 으 으 으 [음악] 아 아 아
https://www.youtube.com/watch?v=8UIFlfrKagk,8UIFlfrKagk,#176  변 몇일 못 누는 어린 아기! 대처방법 알아봅시다.  :하정훈의 육아이야기,하정훈의 삐뽀삐뽀 119 소아과 (삐뽀삐뽀 119 소아과),[음악] 안녕하세요 소아청소년과 전문의 가정입니다 갑자기 변을 며칠씩 안 보는 아이들이 아주 흔합니다 출생 후 하루에 몇 번씩 분을 본 아기 들이 어느날 하루 아침에 며칠씩 변을 보지 않게 되면 저와 엄마들 마음이 착 잘 해 집니다 이번에는 어린 아기들 변 대치 시간 모든 것에 대해서 말씀을 드리겠습니다 어린 아이들은 특히 신생아들은 변을 하루에도 몇 번씩 보는 경우가 흔합니다 특히 뭐 일은 문인 아기들은 더 자주 변을 보는 경우가 대부분입니다 하지만 분유를 먹이게 되면서 합의에 도 몇 번씩 변을 보는 아이들이 하루에 한두 번만 변을 보기 시작합니다 그러다가 어느 날 갑자기 며칠 동안 편을 안 볼 때가 있습니다 완만 아기들도 처음에는 변을 하루에 몇 번씩 보다가 생후 4 6주 경부터 어느날 갑자기 변을 며칠 시간 보는 경우가 있습니다 아기가 수일간 변을 보지 않으면 엄마들은 마치 자기에게 변비가 생길 것처럼 답답해 하지만 아기들은 생각보다 잘 놀고 잘 먹는 경우가 대부분입니다 많이 생후 수개월 이내에 이 어린 아이가 며칠간 변을 보지 않는다면 어떻게 해야 될까요 변을 며칠간 보지 않더라도 아기 기분이 좋고 잘 먹고 잘 놀고 며칠만에 본편이 정상적으로 보던 병가 별 차이가 없다면 너무 걱정하실 필요가 없습니다 많이 어린 아기가 변을 수 일정도 보지 않았는데 아기가 불편해 하거나 잘 먹지 않거나 많이 보채거나 수위 지난 후 변을 보는데 변이 딱딱하거나 이상한 경우는 바로 서화 청소에 가사에 진료를 받는 것이 좋습니다 변을 수위가 보지 않는다고 의사의 처방 없이 유 장비를 무기는 것은 저는 권장하지 않습니다 변을 며칠 안 본다고 의사의 처방없이 함부로 관장을 시켜 서도 안 됩니다 많이 모이는 먹는 아기가 변을 매치가 잘 보지 않는다면 모유가 부족한 것은 아닌가 를 우선적으로 생각하시고 이것을 반드시 확인하셔야 됩니다 이 식을 새로 시작할 아기의 경우는 장이 새로 저런 음식을 어떻게 7 해야 될지를 잘 몰라서 수일간 변을 보지 않는 경우가 종종 있습니다 이런 경우는 이유식을 꾸준하게 몰리면서 기 아니면 되게 좋아 집니다 하지만 변 월수 이란 보지 않는 것이 항상 아무런 문제가 없는 것은 아닙니다 간혹 문제가 되는 경우도 있기 때문에 이것은 사실 부모들이 확인하기 힘듭니다 그렇기 때문에 다른 문제가 없더라도 대충 한 5일 정도 변을 보지 않는다면 동네 수화 청송 가스 님께 진료를 받아서 다른 이상을 없는가를 확인하시는 것이 안전하다는 것 기억해 2시기 바랍니다 으 으 5 으 으 으 [음악] 아 아
https://www.youtube.com/watch?v=smEZOSGSXzg,smEZOSGSXzg,"#178  아기 수유,  한번에 80cc 이렇게  정해서 먹이지 마세요: 하정훈의 육아이야기",하정훈의 삐뽀삐뽀 119 소아과 (삐뽀삐뽀 119 소아과),[음악] 안녕하세요 서화 층 성인까지 무늬가 집니다 신생아가 태어나면 아기에게 한번에 얼마를 무게 하나 고민하는 부모들이 많습니다 신생아는 한 번에 8 심복이 한다는 이야기도 있고 1개월이 는 121 먹이는 것이 좋다 하는 등등의 수치들이 객관식 의 입수 안보 엄마들이 귀에 잘 들립니다 이번에는 신세가 한 번에 얼마나 무게 하는지에 대해서 말씀을 드리겠습니다 우선 한번 생각해 봅시다 예제 뉴비 부모들이 아기에게 있어서 줄 때 80 먹었으니까 지금 먹자 라고 양을 정해서 못했을까요 아니죠 그리고 세상의 어느 동물도 자신이 아기에게 젖을 줄 때 한번에 먹는 양을 정해서 주지 않습니다 아기가 먹고 싶어하는 만큼 뭐 겠죠 이게 가장 자연적인 육아 보입니다 그럼 신생아는 한 번에 얼마나 먹여야 할까요 여기에 대한 답은 이미 나왔죠 아이가 먹고 싶어하는 만큼 한번에 충분히 묵인 다 가 답입니다 억지로 무기는 것이 아닌 아기가 묻고 싶어 하는 만큼 최대한 많이 먹는 것을 이야기 합니다 그래서 육아 전문가들은 한 번에 얼마 목에 한다는 말은 하지 않습니다 물론 이렇게 기운 아기들은 나이가 들어서도 자기가 먹고 싶어하는 만큼 먹이시면 됩니다 간혹 1분에 얼마는 무게 한다는 말을 듣고 신생아의 기 그양 채워서 무게 한다는 강박관념 때문에 고생하는 부모들도 있는데 이건 좀 곤란합니다 아기는 자신이 필요한 양을 스스로 조절할 능력을 타고 납니다 물론 하루에 먹는 양을 정해서 먹일 수도 있습니다 그런데 아기들은 출생 키 몸무게 따라서 하루에 필요한 양이 다를 뿐 아니라 같은 몸무게로 태어나기도 살아가는데 필요한 에너지가 서로 다릅니다 쉭 이야기에서 아기마다 가지고 태어나는 엔진의 크기가 다르기 때문에 기름 소모량이 다르다는 것과 마찬가지로 아기가 필요로 하는 양이 다르기 때문에 하루에 먹는 양을 정해서 먹이는 것은 정말 곤란한 이야기입니다 물론 한번에 먹는 양도 정해서 먹일 수 있습니다 하지만 아이들이 댓글에는 아기 마다 다르기 때문에 한번에 먹는 양도 아기 마다 다릅니다 하루에 필요한 양 따를 뿐 아니라 한번에 먹는 양도 아기마다 다르다는 이야기입니다 게다가 신생아는 몰아서 묻고 뭐라 쌓입니다 그렇기 때문에 뭐라 서 먹는 경우는 한 번에 저렇게 먹고요 뭐 라서 한참 작으나 2에는 배가되고 북이 때문에 한번에 드 많은 양을 먹는 경우가 많습니다 일정하게 배고픈 것이 아니기 때문에 애당초 한 번에 먹는 양을 제거한다는 것 그 자체가 굉장히 부자연스러운 일입니다 그리고 아기는 매번 같은 약을 먹는 것이 아니고요 매일 같은 약을 먹는것도 아닌데 게다가 며칠 동안 잘 안 먹다가도 며칠간은 더 잘 먹기도 합니다 이렇게 아기들은 들락날락 거리는 수양으로 자신에게 치카 한양을 스스로 조절하게 됩니다 아기들은 자신이 먹는 양을 조절할 능력을 타고 나기 때문에 며칠간 필요한 보다 많이 먹은 그 다음에 7 가는 적게 먹게 되니까 며칠간 적게 먹는다고 억지로 예전 처럼 더 먹이려고 노력 하지 말라는 이야기입니다 모유수유 할때 한번에 얼마 먹이는 지 아무도 정확하게 모릅니다 그래서 아무런 문제 없습니다 마찬가지로 부모님 때도 정확한 양을 정해서 먹일 수는 없습니다 일단 부모가 양을 정해 본인은 아기들은 이렇게 자기 스스로 조절하는 것이 힘들게 됩니다 아기에게 맞댄 너무 많이 먹으면 어떻게 하냐고 고민하지마 시골로 아기가 먹는 양을 특별히 정 하시던 마시고 아이가 먹는 만큼 먹이시면 됩니다 간혹 아기마다 다르다는 이야기를 하는 부모도 있는데 이건 그런거랑 아무런 상관없습니다 아기들은 적응하는데 천재입니다 그래서 부모가 어떻게 하든 적은 합니다 한 번에 양을 정해서 문의는 나중에 그 양만큼 먹는데 정합니다 양을 정해서 먹이는 경우 아기 몸무게가 너무 많이 나가게 되는 어느 때부터인가 잘 안 먹으려고 합니다 그런데도 부모가 평소보다 먹는다고 양을 채워서 먹이게 되면 아기는 포기하고 부모가 주는 양을 다 먹게 됩니다 일단 먹는 양을 부모가 정해서 모이면 그 순간부터 아기는 타고난 스스로 조절할 능력을 잃어버리고 요 부모가 주는 양이 정하게 됩니다 그럼 몸무게가 왕창 나가도 나중에는 조절하지 않고 주는대로 먹게 될 수 있습니다 어떤 아기들은 부모가 주는 양보다 드 많은 양이 필요로 하는 경우도 있습니다 그런데 엄마가 일정한 양만 주면 예를 들어 적게 주면 몸무게가 작게 나갈 수 있고요 적게 주는 것에 정하게 되면 나중에 몸무게가 작게 나가는 데도 더 이상 붉지 않고 적게 먹는데 증 알 수가 있습니다 나중에 몸 무기라는 것을 알고 더 먹이려고 해도 더 먹지 않을 수 있다는 겁니다 이렇게 아기 스스로 배고파서 먹고 한 번에 충분히 먹는 양을 스스로 조절하게 해주지 않으면 아기 경우 것은 정말 힘들어 질수도 있습니다 그럼 한번에 먹는 양을 정해서 먹이는데 몸무게가 정상이면 되는거 아니냐 라고 생각하실지 몰라도 그것도 역시 아닙니다 아기가 자신의 기 필요한 약을 먹는 것을 조절하는 능력을 가지는 것은 평생의 건강한 식습관을 들이는 데 도움이 됩니다 별거 아닌거 같지만 부모가 먹는 양을 정해 버리면 아기는 이런 조절 능력을 개발할 기회조차 얻지 못하게 될 수 있다는 점은 큰 문제가 됩니다 그리고 이런 저절 능력을 가지는 것은 단순하게 식습관 이란 측면 뿐 아니라 인생의 모든 면에 조절 능력을 개발하는데 미끄럼이 되고요 두뇌 발달에도 도움이 될 수 있기 때문에 아기 스스로 조절할 기회를 주는 것은 아기 인생의 정말 중요하다는 점도 알아두시면 좋습니다 하지만 한번에 최대한 아기에게 많이 무교 짚은 것은 부모들이 바람이지만 그게 잘 안되는 것이 또 현실입니다 그래서 한번에 충분히 모으기 위해서는 아기가 배가 고플 때 무리는 것이 중요하고요 한 번에 충분히 먹고 난 후 그 다음 배 고플 때까지 느긋하게 기다리셔야 합니다 이렇게 느 다 2기 달 주고 아이가 충분히 되가고 파야 한번에 충분히 그리고 많이 먹게 된다는 겁니다 하지만 실제로 한 번에 많이 먹지 않는 아이들이 많습니다 이런 경우는 충분히 배고플 때 까지 기다려 주는 것이 제일 중요합니다 그런데 많은 쳐 버 분들께서는 아기가 배고픈 지 아닌 지를 모르는 경우가 너무나 많습니다 배고픈 것을 제대로 알리는 신세가 초기 가 제일 중요합니다 산후 조리할 때 엄마가 아기를 직접 보지 않고 신세가 실에 맡기고 퀄 받아 가서 목인 엄마들은 아기가 배고픈 것이 어떤 것인지를 제어하기 잘 모를 수도 있습니다 그럼 나중에 산후조리원 태서 후에 아이가 배고픈데 모르고 제 하실까 봐 걱정되어서 충분히 기다리지도 못하고 자주 모이게 되는데 그럼 아기가 1분에 충분히 먹지 못하는 일이 생기기 쉽습니다 그래서 유가는 신세가 때가 제일 중요한 겁니다 진 세가가 한번에 충분히 먹지 못하고 먹다가 잠들면 깨어서 머리 십시오 진세가 때부터 충분히 먹지 않고 조금 먹고 잠든 스카이 들을 아기들은 나중에도 조금씩 먹고 잠 들기 때문에 1분에 충분히 분위기가 참 힘들어 집니다 산후조리 할 때부터 엄마가 아기를 품에 스큐 면서 배고파 할 때 그리고 울기 전에 바로바로 좋은것이 그래서 중요한 겁니다 신생아실에 막히는 이 힘듭니다 배고플 때 바로 주지 않고 다이빙을 놓쳐서 울 때 주는 요 아이가 지체 가지고 적음 먹고 잠들게 되기 쉽습니다 그래서 아이들은 어릴때부터 신생아때부터 저거 먹고 자는 습관이 들지 않게 주의를 하는 것 잊지 마십시오 그리고 알게 되면 아기 기욱이 더 힘들어지는 좀 곤란한 육아 정보도 있습니다 이건 주로 문법 처럼 분석하는 식으로 만들어진 이유가 정보인데 실제로 아기를 키우는 데 사용하는 정보는 아닌 경우가 많습니다 예를 들면 몸무게가 100일 되는 2배가 된다든지 몸무게 주당 하리 얼마 먹는다든지 맥주가 되면 급성장 기니까 드 많이 보게 한다든지 이런 것은 부모가 아기 수유 하는데는 아래 할 내용도 아니고요 저한 내용도 아닙니다 도리어 이거 따라하다가 고생들 많이 하십니다 그게 따라 는 것이 쉬운 일도 아니고 가능한 이야기 도 별로 아닙니다 예린이 부모들은 그런거 하나도 몰라도 아이를 잘 키웠습니다 그래서 육아 전문가들은 아기 키우는 부모들에게 이런 이야기를 아는 겁니다 아기는 어릴 때부터 시간 마찬 버리지 말고 한번에 먹는 양을 정해서 먹이지 마십시오 아기가 배우 팔때 모이고 한번에 충분히 모진 후에 다음 충분히 되고 볼 때까지 느긋하게 기다리면 나머지는 아기가 스스로 알아서 시간과 양을 조절하게 됩니다 이게 자동 6 아이고 이게 아기를 시킬 수 있는 육아 법이고 이게 모든 육아 전문가들이 한결같이 권장하는 아기 친하지 기자 부모 친해지기 뉴하프 이런거 미리 알아두시면 좋습니다 으 으 으 으 으 으 아 [음악] 아 아 아 으
https://www.youtube.com/watch?v=S6eQaawp004,S6eQaawp004,#180  아기 배고픈 것을 정말로 모르신다구요? : 하정훈의 육아이야기,하정훈의 삐뽀삐뽀 119 소아과 (삐뽀삐뽀 119 소아과),[음악] 으 으 으 [음악] 안녕하세요 소아청소년과 전문의 가져옵니다 아이가 배고파 먹이세요 이건 너무 당연한 이야기죠 신생아 수위로 할 때나 생후 몇 개월 대락 이를 문일 때나 이것은 너무나 당연한 이야기입니다 그런데 말입니다 아기 배우 풍 것을 어떻게 아냐는 뿐만 의 질문들이 최근에 너무나 많아 졌습니다 배고픈 것 잘 모른다 이야기죠 신생아도 아니고 태어난 지 몇 달이 아니라 아기를 키우면서 아기 배고픈 것을 모른다고요 4 좀 황당한 이야기 같지만 실제로 이름 부모들이 너무나 말아진 것이 현실입니다 제가 처음 소아 층 성과가 되었을 때는 이런 질문 하는 부모들 거의 없었습니다 아기는 배 부분 저절로 벽 봉사를 알고 배고프다는 표시 라고요 아기를 키우는 엄마라면 아이가 배고파 하는 것을 보면 저절로 따위가 배 고프다는 것을 알게 되는 것은 너무나 당연한 이야기입니다 그럼 원론적인 이야기를 좀 해보겠습니다 여러분들은 말은 u 하체에서 이런 내용을 보게 됩니다 아이들이 배고파 할 때는 배고파 는 신원을 보낸다 배고픈 아기들은 자다가 깨서 꼼지락 거리면서 점차 움직임이 활발해지고 저절 사서 엄마 저서 장에서 고개를 돌리고 입을 오물오물 움직이면서 입맛을 다시고 젖을 빠는 시늉을 합니다 그래도 먹을 것이 입이 들어오지 않으면 손이나 주목을 이며 놓고 가서 빨게 됩니다 그래도 엄마가 뭘 거두지 않으면 보채고 짜증을 내고 결국은 운기 됩니다 이게 아이가 배울 때 하는 행동이고 엄마가 이걸 보면 아이가 배고픈 것을 알게 된다는 이야기죠 신생아 수에서 육아 전문가들이 제일 강조하는 무선 아이가 울기 전에 배고파 는 사인을 보고 아기에게 먹일 때 한번에 충분히 멋 이라는 겁니다 흔히 아기가 울면 첫줄 한 이야기는 대표적으로 잘못된 이야기입니다 물론 울면 쳤음 좋아하죠 배가 고파서 우는데 젖 주지 않는 것은 애기를 너무 배고프게 만드는 행동입니다 하지만 제일 좋은 것은 울 때까지 기다리지 말고 배고파 는 사인을 보낼 때 미리 젖을 주는 것이 중요하다는 이야기입니다 주더라도 주는 타임이 중요하다는 이야기입니다 배고플 때 바로 줄 아는 이야기죠 그런데 백업 할 때 바로 먹을 것을 주지 않고 우리가 관심을 가지고 뭘 꺼지게 되면 정상적인 수유가 힘들어진다는 문제가 생깁니다 우선 아이가 배고파서 올 때는 이미 너무 배가고파서 힘들어 지친 상태가 됩니다 더구나 온다고 바래져 줄 수 없는 경우 많죠 신생아실 있는 얘기가 트 뭐 운다고 바로 주지 않고 코렉터 가 먼저 웹 뿐 걸리죠 이렇게 수분을 더 기다리면 점점 더 지치게 되고요 이런 상태에서 엄마가 젖을 주게 되면 조건 묶고 지쳐서 잠들게 됩니다 그럼 한번에 충분히 먹지 못하니까 조금 지나면 다시 되고 파서 깨게 되고 이렇게 조금 먹고 금방 다시 되고픈 것이 반복되게 되는 아기를 길게 머니는 습관들이는 힘들어집니다 그 다음 문제는 좀 더 곤란한 문제 인데요 이것 때문에 배고픈 것을 잘 모르게 되는 부모들이 많습니다 아기는 신생아때는 울 때 주로 배고플때 울죠 그런데 1개월도 안 돼 가지고 아기는 배고플 때 먹는 것이 아니고요 전류 돌고 신으로 놀고 특별한 이유가 없어 더 오르게 됩니다 이럴때마다 배고픈 지 알고 뭐 읽어 주게 되면 아기들은 울 때마다 먹으려 할 수 있습니다 그럼 배고프지 않은데도 아기들은 먹으면서 울음을 달리는 습관이 들어서 필요 이상 많이 먹을 수 있고요 스스로 울음을 달리지 못하고 입으로 뭔가를 뭐야 달리기는 습관이 들 수 있습니다 이렇게 되면 배고픈 것을 표시하는 방법이 바뀌게 되구요 다른 욕구 를 표시하는 반값 덮치기 되어서 엄마가 정한 9분을 하기가 힘들 게 될 수 있기 때문에 문제가 생깁니다 게다가 배고픈 후에 다른 울음은 오름을 아이가 스스로 다 낸 것을 아기가 배운다는 것이 자기 통제를 배우는데 정말 중요한데 이것을 먹는 것으로 달래 버리면 아기는 스스로 통제할 능력을 배울 기회를 잃어버리는 것이라서 좀 곤란하다는 이야기입니다 그리고 울 때 먹을 것을 주면 발생하는 문제 이게 사실 지금 말하는 것이 제일 심각한 문제인데요 어찌 번은 이게 엄마가 아기 배고픈 것을 모르게 되는 결정적인 이유가 되기도 합니다 아이가 배고픈 표시를 해도 우리 아마 물 꽃 주게 되면 아기들은 불가 며칠만 지나도 배고픈데 소위 말은 정상적인 배고픈 표시를 하는 것이 아니고 바로 우리 버리게 됩니다 이게 사실 제일 무서운 거죠 아기가 정상적으로 배 국도 시라는 것을 잃어버리게 될 수 있는데 그럼 나중에는 엄마가 아무리 열심히 아기를 관찰도 책에서 보고 배운 배고픈 오실 아기가 하지 않기 때문에 세계에서 본 배고픈 영상을 엄마가 발견하려고 아무리 노력을 해도 없는 영상을 어떻게 발견 하겠읍니까 그게 불가능하게 된다는 거죠 다시 말하는 엄마가 배고픈 것을 아느냐 이 것도 문제지만 아이가 배고픈 것을 제대로 표시 할 수 있느냐 이거도 그 문제라는 겁니다 그래서 신세가 첫날부터 엄마 아기가 하루종일 24시간 모유 동시에 하면서 아기 앞에 곱할 때 한 분의 충분히 모이고 그 다음 되고 팔 때까지 느긋하게 기다리면서 아이가 스스로 먹는 것을 조절하면서 가장 자연스러운 식습관을 익히게 해 줘야 합니다 산후조리 어 에서 아기를 맡기면 아기 배 부분 사인에 바로 그리고 저하게 반응 하기 힘든 경우와 많기 때문에 아기가 배고프다는 표시를 제대로 하는 법 을 못 배울 수 있고요 엄마가 아이가 배고픈 것을 직접 보지 않아서 아이가 배고픔 사인을 부모가 모를 수도 있습니다 어쨌든 아이가 평생 산후조리에 살 수는 없습니다 이 3주가 지나면 결국 엄마가 아이를 보게 되는데 이때 어떤 엄마는 아기가 배고플 바로 할 수도 있지만 상당수의 엄마들은 아기 데 높은 곳을 이런저런 이유로 전혀 모를 수도 있습니다 오늘 이야기 핵심은 이릅니다 엄마가 아기 배우 푼 것은 모을 때 어떠할 것인가 가장 기본적인 대체 법은 한걸음 물러서서 기다리라는 겁니다 만일 앞에서 언급한 정상적인 배구 품 표시를 열심히 보시고 그런 표시를 아이가 하는지 확인 하십시오 그래서 많이 아이가 제대로 표시 한다면 엄마가 몰랐던 것이라면 단순히 관찰하는 것으로 알 수 있습니다 하지만 이런 경우는 그리 많지 않습니다 아이가 정상적으로 배우 풍부 설 표시 하지 않는다면 이를 아기를 키울 때 어떻게 하면 배고픈 것을 알 수 있냐 이런 말은 큰 의미가 없게 됩니다 아기마다 배고플 때 어떤 표시를 하는가를 알기 위해서는 충분히 먹인 후 한걸음 물러서서 느긋하게 기다려 보는 수 밖에 없습니다 언젠간 아기가 제대로 표현하게 됩니다 그런데 너무 오래 이것이 끌리는 경우라면 다른 문제가 없는가 소아 청순과 사진를 받으면서 몸무게 증가 등을 지속적으로 관찰하면서 확인하는 것이 중요합니다 배고픈 것을 표시 하지 못해서 아기를 궁금해 어떠하냐 그런 고민을 할 필요가 없습니다 여러분 319 물 수 있습니까 아니죠 아주 도 마찬가지입니다 엄마가 한 걸음 물러서는 서서히 정상적인 배고픈 표시를 하게 되는 아이들이 많습니다 그리고 아기가 절로 서울 면제 오고 힘든 쏘울 면 발라주시면 됩니다 이것이 처음에는 쉽지 않겠지만 느긋하게 관찰 하시면 대기 경우 얼마 지나지 않아서 아기는 배고픈 표시를 제대로 하고 엄마도 그 표시를 알게 됩니다 할 수 있다는 확신 호감을 가지면 시기 되고요 할 수 있을까 라는 의문을 가지게 되면 몇 배는 더 힘들어지는 것이 유발하는 것은 꼭 알아두시기 바랍니다 간혹 나는 시간을 맞춰 머리 있는데 아기가 잘 컸고 나는 사람들이 에서 20 동안 폴 할 때 가서 먹여도 나중에 저절로 되었다는 부모도 있습니다 물은 이렇게 해도 되는 아기도 있고 먹는다는 측면에서만 볼 때는 별 문제가 없을 수도 있습니다 하지만 유가에서는 아기 먹는 것이 단순하게 먹는 것으로 끝나는 것이 아니고 요 인생을 살아가는 방법을 먹는 것을 통해서 배우게 되고 이런 것을 배우면서 아기 이 턴에 도 같이 발달하게 되므로 아기를 키울 때는 아기 스스로 묻고 스스로 조절하게 기회를 주는 것은 여러모로 굉장히 중요합니다 다시 말씀 드리자 는 아이가 배고픔 우승 표시하고 엄마가 아기 배고픈 것을 알아차리는 것은 상호 자리입니다 산후 조리할 때 부터 이런 상호작용을 통해서 l 자기 형성되고 정상적인 식습관이 밟다 라고 스스로 충분히 먹고 넘치면 한동안 안 먹는 것을 통해서 아기가 자기 스스로를 통제할 수 있는게 이 생기고 이런 것을 통해서 두뇌도 발달하기 때문에 일은 자동모드 육아가 굉장히 중요한 겁니다 * 그 아닌것 같은 아이가 먹고 싶을 때 한 번에 마음껏 누리고 그리고 다음 되고 불패 까지 충분히 기다리는 것 이게 아기도 그리고 엄마의 기도 가장 중요한 육아법 일하는거 꼭 a 시기 바랍니다 [음악] 으 으 으 [음악] 으 으 으 으 [음악] 아 아 아 으
https://www.youtube.com/watch?v=7a2FO_xf1GM,7a2FO_xf1GM,#186      4시간 자면 깨워서 먹이라구요? : 하정훈의 육아이야기,하정훈의 삐뽀삐뽀 119 소아과 (삐뽀삐뽀 119 소아과),[음악] 으 으 으 으 으 안녕하세요 소아청소년과 전문의 배정됩니다 아이가 잔 지 4시간이 지나면 깨어서 무기 라는데 맞나요 이렇게 묻는 엄마들이 재미 있습니다 맞습니다 이런 지침 있습니다 그런데 수명 교육을 하고 밤중수유를 끊어야 할 나이가 된 악을 주면서도 넷이 한지 라면 깨어서 먹어야 한다고 생각하는 부모들이 재미 있습니다 이번에는 4시 1 잠은 정말 깨어서 목에 하는가에 대해서 말씀을 드리겠습니다 무슨 아기들 먹는 거에 대한 기본을 말씀드리겠습니다 신생아는 빨간 먹고 싶어할 때 목이 고 한번 먹을때 충분히 먹이고 충분히 다 먹은 후 그 다음 3시까지 늦 악의 기다려서 라 기가 많이 되고 풀 때까지 가능하면 기다려주는 것이 좋습니다 하지만 4시간 이상 잠을 깨어서 무기 세워라 는 침도 신세가 수 이쯤에 같이 있습니다 신생아들은 출생 후 조기에 여러가지 이유로 100 업하는 붙어있고 세상모르고 자는 아기 들이 있습니다 그래서 4시간 잠은 깨어서 몫 이라는 겁니다 술 세모 적어도 1리 주는 힘들더라도 이 지침을 따르는 것이 좋습니다 그래서 많은 엄마들이 이 지침에 따라서 4시간 이상 자면 아기를 깨워서 먹입니다 잘 하시는 겁니다 그런데 그런데 말입니다 2개월 3개월이 지나 아기들을 키우는 부모들이 4시간 자면 깨워서 먹이는 경우도 있는 것이 문제입니다 잘자고 정상적으로 자란 아기들은 말입니다 4시간 지라는 띄워서 목에 한다고 굳게 믿으면서 말입니다 육아 지치면 나이 마다 다릅니다 특히 수 위라 수면에 대한 지침은 아기가 나이 들 때마다 굉장히 빠르게 바뀌는 것이기 때문에 신생아 지침을 나이들어 아기에게 그대로 적용해서는 곤란합니다 앞에서 말은 4시간 자면 깨어서 머리 라는 말은 신생아 시기 다시 말하면 한 달 이전에 아기의 해당 드린 이야기 고요 그것도 생후 첫 있니 주 가리는 원행 도 잘 지키는 것이 중요하지만 3 4g 만 되어도 다른 이상이었고 아기가 잘 먹고 잘 놀고 몸무게가 자르고 있으면 잠든 지 넷이 안되었다고 잘 자는 아기를 깨워서 목에 하는 것은 아닙니다 자장은 땡큐 하고 내버려 두면 됩니다 심지어 신생아 시기가 한참 지났는데도 절 땅 생긴다고 잦아 늘 아기를 메시 앉았다고 억지로 깨워서 먹이는 부모도 있는데 이건 정말 곤란한 이야기입니다 특별한 병이 없다면 신세 마도 아닌 아기를 키우는 엄마가 절 땅으로 잘 자는 아기를 깨워서 목에 하는 것은 아닙니다 그럴 필요 없다는 열립니다 밤에 4시아 는 물론 많이 기원의 벌써 8시간 이상 아무 거 잘 자는 아기도 있습니다 2개월의 10시 아 이상 밤새 아무것도 잦아서 엄마를 행복하게 해주는 아기들도 생각보다 많습니다 이걸 당연하게 여기는 이게 당연하게 그리고 쉽게 될 수 있습니다 그걸 무라고 하는 겁니다 아기는 문화로 키워야 시 키울 수 있습니다 유가는 처음에 기본적으로 지켜야 지침 있고 앞으로 살아가면서 부모가 조절해 줘야 할 방향이 있습니다 지진과 방연이 조화를 이루면서 아기를 키우면 부모가 최소의 노력으로 쉽게 아기를 키울 수 있습니다 아기가 자기 쓸어 먹는 것을 조절하고 서서히 얼음 먹는 식습관에 맞추고 가져 그 일상의 맞춰서 먹는 방향으로 가는 것 이게 결국 언젠가는 아이들이 배워야 할 바른 식습관 입니다 더불어 언젠가는 밤에는 밤새 안먹고 자는 부도 배워야 줘 그래서 신생아 시기에는 4시간 자면 깨어서 모르지만 불과 맥주만 지나도 이제는 자는 대로 냅두고 깨지 않고 푹 짜는 방향으로 아기를 주려고 노력하는 것이 좋다는 이야기입니다 세무 수주 먼지 라도 국회의원의 시안 이런데 얽매일 필요는 없다는 이야기입니다 [음악] 으 으 으 으 으 으 [음악] 아 으 으 으
https://www.youtube.com/watch?v=At0dd_RC11Y,At0dd_RC11Y,#189  코로나 때문에 모자동실 못한다구요? : 하정훈의 육아이야기,하정훈의 삐뽀삐뽀 119 소아과 (삐뽀삐뽀 119 소아과),[음악] 으 으 으 으 [음악] 안녕하세요 서 청춘 같은 무늬의 가져옵니다 코로나 때문에 뭐 자동 시를 못 한다고요 최근 이런 이야기 하시는 산모들이 많습니다 유튜브를 하는데도 이런 질문들이 재미 있습니다 뭐 장치를 하고 싶었는데 코로나 때문에 모자 동시를 못했다고 합니다 그런데 이거는 좀 이상한 이야기 입니다 물론 엄마가 코라의 근린 환자라면 좀 다른 이야기지만 콜라의 그린 엄마가 안 자면 그럴 필요 전혀 없습니다 아기들에게 코로나는 가족이 아닌 다른 사람을 만나는 것이 위험한 것이고 가족 아닌 다른 사람 만나는 빈도가 높아질수록 코라 의 글 위험성을 높아지는 겁니다 그래서 코로나 의 위엄 단계가 높아져도 가족 길이는 경미 를 하지 않고 집에 있게 하는 겁니다 코로나 환자수가 놀라서 위험 할수록 경리의 단계가 높아지는데 이런 경우는 당연히 아기는 엄마 같은 방이 있는 것이 제일 안전합니다 아기들을 모아두고 엄마가 아닌 다른 사람들이 교대근무 않은 신생아 실은 엄마의 품보다 코로나 날은 측면에서 볼 때는 바람직 하지 않는 겁니다 신생아실 경우는 여러 명의 아기가 모여있다는 그 자체가 코로나 처럼 전염성이 강한 전염병 의 감염 이란 측면에서는 위험 할 수 있고요 그리고 관리하는 사람들이 그곳에서 24시간 상주하는 것도 아니고 집으로 퇴근 했다가 대중교통을 이용해서 다시 출근한 지금 들이 10여 명이 있을 겁니다 이런 상황에서 는 엄마의 품이 신생아실 보다는 훨씬 더 안전할 것입니다 산후조리원이 방에 있는 엄마는 외출도 그 하지 않고요 대중교통도 이용하지 않고 다른 사람들도 별로 만나지 않기 때문에 코리아 때문에 엄마품 위험하니까 신생아실에 맞게 한다는 것은 정말 이상한 이야기 입니다 물론 엄마라고 100% 안전한 것은 아닙니다 하지만 결국 엄마도 아기랑 2주일 동안 전혀 안 만나는 것이 아니고 수유할 때 마다 하루에도 몇 번씩 만나게 되니까 이룬 상이나 있을 정도의 아주 식당은 엄마 위험성은 아기를 만나니까 그대로인데 아기를 신생아실에 마키 니까 신생아 시를 위험성이 더 데일 뿐이어서 이중으로 코라 위험에 노출되는 거나 마찬가지입니다 단 3부가 호라 에 걸린 경우는 좀 다른 이야기입니다 이 경우는 출산 5 경리 문제를 미리 어리니까 상의에서 엄마가 결정할 수 있습니다 아기들은 코라의 흘러도 대개 증상이 없거나 있어도 정상이 미약한 경우가 대부분입니다 아주 자기 드물지만 중증이 나도 있지만 이런 경우는 굉장히 드문 경우 9 우리나라에서는 이런 경우 거의 없습니다 물은 모자 동신 도 가능합니다 이 경우는 마스크 자연과 손 식기 등의 기본적인 주의사항을 잘 지켜야 합니다 물론 직접 모의 수리도 가능합니다 그리고 일단 경리를 택한 경우는 모유를 먹여도 되는데 이때는 짜서 코라의 들리지 않는 사람이 문 2시면 됩니다 이야기는 콜라 2 클린 엄마들의 국한 되는 이야기입니다 일반 적인 3 5 2 이야기는 아닙니다 일반이사 모드 이사로 조리할 때는 신생아는 하루종일 24시간 엄마 품에서 뭘 동시 라는 것이 제일 좋습니다 그리고 엄마가 코로나 환자가 아닌 대부분이 3부 의 경우는 적어도 코나 때문이라면 엄마 품에서 24시 1 뭐 이동시 라는 것이 아기를 신생아실에 맡긴 0보다 코라의 대해서는 더 안전하다는 것 알아 2시기 바랍니다 [음악] 으 으 으 [음악] 으 5 으 으 으 [음악] 아 아 아 으
https://www.youtube.com/watch?v=OoLubZL8pe0,OoLubZL8pe0,#188  혼합수유하는데 적게 먹으면 모유 끊어요?  : 하정훈의 육아이야기,하정훈의 삐뽀삐뽀 119 소아과 (삐뽀삐뽀 119 소아과),[음악] 222 으 [음악] 안녕하세요 소아청소년과 전문의 과정 입니다 몸무게가 적은 아기를 키우는 부모들은 지푸라기라도 잡고 싶은 심정인 경우가 많습니다 그러다보니 인터넷에 있는 여러가지 정보들의 길을 기울이는 경우와 많습니다 그중에 하나가 호라 셀 아기는 모유를 끄는 잘 먹게 된다 라는 이야기입니다 그런데 혼합 수유 중인데 잘 안먹는다고 모유를 끊고 완전히 분 를 갈아타게 되면 정말 잘 먹게 될까요 인터넷에는 모유 끊고 나니까 아이가 잘 먹게 되었다는 엄마들이 성공담 이 있습니다 그래서 이것을 보고 달하는 붐 온도 제어 있습니다 물론 모유를 끊고 완전히 분 의 로 바꾼 후 잘못 게 된 아기도 있습니다 틀림없이 있습니다 하지만 완전히 분 로 갈아탄 후 아이가 원래 목탄 양보다 훨씬 적게 먹어서 더 심각하게 고민하는 부부들이 훨씬 더 많은 것이 현실입니다 이것은 아마도 이렇게 모유를 끊고 난 후에 잘 먹게 된 엄마 들어 인터넷에 글을 쉽게 올리지만 실패한 부모들은 글을 잘 어울리지 않는 것도 많은 부모들을 착각의 만드는 원인중에 하나라고 봅니다 7 지로 혼합수유를 하는데 모이를 끊음 은 정말 더 잘 먹게 될까요 아닙니다 대부분의 경우는 모이를 끈 후 먹는 총량은 혼합수유 할 때보다 더 안 먹게 됩니다 증 않은 시간이 필요하니까요 그래서 혼합 수리하는데 몸무게가 적게 나가는 경우는 모의를 끊고 분 의 로 바꿀 경우에 아기가 원래 모이를 먹든 양만큼 분위를 다시 잘 먹게 되는 데는 시간이 들린 경우와 많다는 이야기입니다 어떤 경우는 한달이 더 끌리기도 합니다 물론 대부분의 경우는 시간이 걸리지만 그 양을 따라 가는데 시간이 걸린다면 이죠 그리고 일부에서는 모이를 끊은 후 그 못된 모양 만큼으로 분위를 회복해서 먹지 못하는 경우가 종종 있기 때문에 잘 안먹는다고 모유를 끊고 완전히 분 의 록 a 차트는 안된다는 이야기입니다 헌 압수 일하기 가 잘 안 먹는 경우는 몸무게가 제대로 너라는 것을 확인 하시고요 정말 수양 이정은 경우라면 모유를 노리던 분유를 놀이 든 둘 중에 아기가 잘 먹는 양을 넣으면 것이 중요한데 모인 우리가 쉽지 않는 경우가 많죠 그런 경우 라는 모이는 그대로 몰리면서 분유를 넣어 있는 것이 원칙입니다 모유는 함부로 끝나서는 안됩니다 별거 아닌것 같지만 일단 모이는 끊고 나면 그 껴 이 양이 줄어서 아이가 뭐 이끄는 양만큼 분유 간 얼지 않는 경우 다시 모유를 먹이는 것은 불가능해 질 수 있기 때문에 이런 방법은 권장하지 않는 겁니다 돌아오지 않는 다리 를 걷는 것이나 마찬가지입니다 이건 마치 지금 직장이 좀 마음에 들지 않는다고 미리 다른 짝을 알아보지도 않고 다니는 직장을 그만 둔 후에 3 직장을 구할 수 없어서 고민하는 것이나 마찬가지라고 봅니다 완모 가 제일 좋습니다 하지만 혼합 술도 완전히 분으로 먹이는 것보다는 아기에게 여러모로 좋습니다 가능하면 최대한 모이를 많이 무기는 방향으로 혼합 수유를 하는 것이 좋기 때문에 아이가 적게 먹는다고 적게나마 먹던 모유를 끊는 것은 신중에 신중을 기한다는 점 꼭 기억하시기 바랍니다 그리고 모유의 대해서 점도 많은 것을 알고 싶으신 분께서는 정립의 기회 재생 목록 중에서 모유수유 나 신세가 표를 참고하시기 바랍니다 아래 링크로 붙여 드리겠습니다 [음악] 으 으 으 [음악] 으 으 으 [음악] 아 으 아 아 으
https://www.youtube.com/watch?v=qR1zpR48WO8,qR1zpR48WO8,#204  급속 성장기! 함부로 따라하지 마세요. : 하정훈의 육아이야기,하정훈의 삐뽀삐뽀 119 소아과 (삐뽀삐뽀 119 소아과),[음악] 안녕하세요 소아청소년과 전문의 가족입니다 최근 아기 들이 급속 성장 기에 대해서 관심을 가지는 부모들이 많습니다 이런거 모르면 곤란은 마라도 되는 것처럼 이야기하시는 엄마도 관옥 진료실에서 봅니다 이번에는 아기 들이 급 승 장기 또는 급속 성장 이라는 것이 무엇이고 아기를 키우는 부모들이 급속 성장 이란 것을 어떻게 받아들여야 하는 것인가에 대해서 말씀을 드리겠습니다 우선 급속 성장 이란 것에 대해서 알아보겠습니다 아기들은 항상 일정한 속도로 자라는 것은 아닙니다 그러다 보니 어떤 되는 점 빨리 자라기도 하고 어떤 때는 좀 늦게 잘 하기도 합니다 아기 de 일시적으로 좀 빨리 자라는 시기를 급속 승 장기 라고 말을 합니다 이때는 당연히 평소보다 많은 칼로리가 갑자기 필요할 수 있고요 더 많은 칼이 수요를 채우기 위해서 갑자기 하기가 더 먹게 될 수 있는데 뭐 임마 먹는 아기들의 경우 평소처럼 모유를 먹고 도 드 먹으려 하고 열심히 먹는데도 마치 부족한 것처럼 백업 할 수 있습니다 배 부분이 더 보채고 자 메서드 자주 깨기도 합니다 이게 급속 성장 이라고 부르는 시기입니다 이제부터는 급속 승 연기에 대해서 약간 씩 잘못 알고 계신 것에 대한 설명을 드리고자 합니다 아이가 더 빨리 자라고 더 많이 먹는 급속 성장기는 통계상 생후 2 3주 6주 3개월 그리고 6개월의 잘 생깁니다 그런데 이 시기는 급속 성장 가 생긴 아기들의 평민 적 인식이란 겁니다 그리고 급속 통장이 가 생기지 않는 아기들은 빼고 하는 이야기입니다 그리고 급속 성장 기회가 생기는 모든 악 이들이 저 시기에 생기는 것이 아니고 그냥 병균이 그렇다는 이야기입니다 급속 성장기가 생기더라도 져 시가 아닌데 생기는 아기들도 많이 있습니다 그리고 급속 성장 이가 생기는 아니 들이라도 적 4번의 시가 1 기에서 다 생기는 것도 아닙니다 어떤 아기들은 이삼십 때만 생기는 경우도 있고 전부다 생기는 경우도 있습니다 한 번 워낙 2에서 급속 성장 비가 당기니 떠 올 거라고 생각하지 말라는 이야기입니다 그리고 어떤 아기들은 눈에 확 띄어 오지만 어떤 아이들은 아주 가볍게 오기도 합니다 어떤 아기들은 하루이틀 많이 좋아지기도 하지만 수일 이상 지속되는 경우도 있습니다 그리고 중요한 것은 모든 악 이들에게서 급속 성장 기가 다 생기는 것은 알리 한 이야기입니다 미국 소아 카페에서는 모유수유 중 3분의 1이 모유수유 전체 기간 동안에 한 번 이상의 일은 급증을 경험 한다 라고 언급할 정도로 그렇게 많이 생기는 것은 아니란 이야기입니다 다시 말하면 급속 성장기가 생기는 아기 들이 그렇게 많지 않고 급속 성장 이라는 것이 있는 지 없는 지 전혀 알 수도 없는 아이들이 훨씬 더 많다는 이야기입니다 그럼 급속 성장 니가 오면 아기들에게 문제가 될까요 이게 중요한 거 있죠 급속 성장 이라는 것이 아기에게 있던 어떤 부모가 알든 모르든 대부분의 경우는 별 문제가 되지 않습니다 우선 분유를 먹는 아기라면 아기가 먹고 싶은 대로 마음껏 준다면 급속 성장 이라는 것이 문제될 것이 없습니다 아기가 알아서 더 먹으니까 모의 수리를 하는 경우는 좀 문제가 될 수도 있습니다 사실 이 그 때문에 육아 전문가들이 급속 성장기를 간혹 언급하는 겁니다 모유를 먹이는 경우 급속 성장 기회가 되어 아기가 갑자기 드 많이 먹으려 해도 모이가 갑자기 더 늘어나는 것은 아니죠 그렇기 때문에 완무 하는 아기들의 경우는 배가 고파서 보채고 더 자주 께서 먹어야 하는데 이럴 때 모유가 부족하다고 생각해서 분유를 첨가해서 먹이는 부모들이 있습니다 이때 모유가 줄어서 부족한 것이 아닌가를 제대로 평가한 후에 모유가 줄어든 것이 아니라는 분유를 첨가하지 말고 재설 좀 더 자주 물리고 충분한 시간 보기 고 누르면서 먹이고 양쪽 젖을 먹이면 수 일례로 정상 딘 수입해 선으로 다시 돌아오게 됩니다 이때 모유가 부족한 줄 알고 분위를 첨가하는 져 선 도리어 줄어 버리고 결국 모유를 먹이지 못하는 경우가 생길 수 있기 때문에 이 점을 주의해야 되는 겁니다 이것 때문에 육아 전문가 남 오유 전문가들이 급속 성장 계에 대해서 관심을 가지는 겁니다 그리고 아이가 더 먹어 려고 보채는 것이 3 4일 이상 지속되는 엄마 제시 제대로 나오는가 그리고 아기의 체중이 제대로 놀고 있는지 이런 것들을 수화 청송 가사에 진료를 받고 평가하는 것이 중요합니다 모이를 물이든 무늬를 뭐니 던 자동모드로 아기를 키우고 있다면 다시 이런 것들은 별 문제가 되지 않습니다 대부분 다 그냥 제 절로 넘어 간다는 이야기입니다 하지만 이것은 미리 알고 있어야 됩니다 급속 성장기에 보이는 증상은 급성 승냥이가 앉아도 과식하는 습관이 들거나 모유가 갑자기 줄거나 수면 문제가 생기거나 발달의 새로운 기술을 익히면 등 의 유가에서 다른 문제가 있을 때도 마찬가지 양상을 볼 수 있다는 겁니다 육아를 잘 모르는 부모를 중에 이런 문제가 생길 때 우연히 급속 성장 지라고 책에 적혀있는 그 시기 앞서 졌을 때는 아이가 보채고 밤이야 께서 칭얼거리는 급속 성장 이라고 생각해 가지고 자꾸 더 먹여서 더 골라 사회의 빠지는 경우와 흔히 있다는 겁니다 특히 3개월 경에 이것때문에 수면이 엉망이 되는 경우를 흔히 볼 수 있습니다 또 하나의 문제는 급속 성장기에 너무 관심을 가지다 보니 별거 아닌 일을 더 복잡하게 만든다는 겁니다 아기가 정상적으로 자라고 있는 경우 특히 분유수유 1 혼합 수야의 경우는 아이가 먹고 싶을때 그냥 마음껏 무기는 자동 육아를 하고 있으면 급속 성장 기회가 되어도 아이가 더 먹고 싶어하면 더 못 입은 그 뿐입니다 이런 경우 급속 성장 이라는 것이 아무런 의미가 없는 이야기가 됩니다 완전 모은 수야의 경우도 아기가 다른 문제 없고 제대로 자라고 있다면 점만 제시 물리는 수일 내로 제재로 좋아집니다 여기서도 육안 음울한 말이 그대로 적용됩니다 그런 복잡한 지식 하던 몰라도 그냥 아이가 먹고 싶을때 만큼 올리면 됩니다 육아에 다른 지식이 없고 아기를 많이 키워 보지 않는 엄마 경우 급속 성장기 이름 공부를 해서 아기를 여기에 맞추어 다가는 도리어 아기 q 위가 엄청 힘들어 질 수 있다는 이야기입니다 급성 성장기는 이런 적으로 말하면 아기 들이 스스로 성장을 조절하는 깅 주의합니다 이 기능이 제대로 작동하기 위해서는 자동 모두 육아를 하고 있어야 한다는 것이 가장 큰 제니 조건입니다 그런데 우리나라의 경우 지금 수 많은 엄마들이 산후 조리할 때 아이를 24시 아머 시동시 하지 않기 때문에 자동모드로 유발하지 않고 있어서 문제가 됩니다 7 지로 다음과 같은 경우가 흔합니다 산후조리원에서 아기를 맡겨 켜 둔 부모가 2 3g 에 태어나고 집에 오면 모든 리듬이 엉망이 되어 있는 경우가 많습니다 아이가 배우 부모들 제대로 표시하지 못하고 부모는 아이가 배고파 는 사인 을 제대로 이해하지 못하는 경우가 많습니다 이런 경우 부모가 아기 수리 등을 제대로 몰라서 엄청난 양을 뭐니 면서도 급속 성장 기니까 괜찮다고 생각하는 부모도 있고 이미 충분히 자라서 잘 아무는 하기를 급속 성장 이니까 더 먹여야 한다고 억지로 무기는 경우도 있습니다 그럼 수입해 테이 더 엉망이 될 수도 있습니다 최근에 급속 성장 이라고 해서 악 이들이 언제 더먹고 언제 더 빨리 자란다는 이야기들의 관심을 가지는 부모들이 정말 많습니다 이런 것들 하나도 몰라도 아이들 키우는 데 전혀 문제가 없습니다 아기들은 자기가 먹고 싶은 만큼 먹고 필요 없음 은 자기가 알아서 적게 먹습니다 이렇게 재정을 되는 것은 국회의 알 필요도 없는데 그거 알아서 자꾸 그 시기에 더 머니 려고 해서 문제가 생긴 경우가 많습니다 아 길은 똑같이 않습니다 일부러 공부해서 맞추려 하면 더 엉망이 되는 경우가 많기 때문에 정말 육아 전문가가 아니라면 차라리 그런거 모르는 것이 더 낫습니다 보통 이야기들 키울때 급속 성장기 라는 말에 특별한 의미를 두는 것이 오히려 모든 것을 더 번거롭게 만들 수 있다는 이야기입니다 결론은 급소 성년기 그런것 꼭 알아야 하는 거 아니고 거기에 맞추어 아이 귤 필요 없다는 이야기입니다 [음악] 으 으 으 으 으 [음악] 아 아 아 으
https://www.youtube.com/watch?v=08B0VqzITbU,08B0VqzITbU,#182 하루 1000cc 만 안먹으면  문제가 없다구요? 하정훈의 육아이야기,하정훈의 삐뽀삐뽀 119 소아과 (삐뽀삐뽀 119 소아과),[음악] 으 으 으 으 안녕하세요 주워 청소 니까 전문 이하 종입니다 파리에 처음 만 넘지 않으면 상관 없다고요 이 말은 사실이 아닙니다 파리의 차는 뭐야 한다고요 이 말도 사실이 아닙니다 그럼 팔에 채널 넘기면 큰일 한다고요 이 말 역시 사실이 아닙니다 이번에는 하루 천이라는 육아 정보에 대해서 말씀을 드리겠습니다 몸무게 광이 나기 들이 간호 겁니다 50% 안되게 태어난 남자 기가 늙다리 인데 벌써 국회로 가는 모습 98% 로 엄청나게 체중이 많이 나가는 아기가 있습니다 이야기의 엄마는 하리 1000만 넘지 않으면 상관없다는 인터넷 정보를 보고 아이가 먹는 데는 전혀 문제가 없는데 왜 몸무게가 많이 나가는 지 모르겠다 고 평을 합니다 여러분들도 하루에 천 만 넘지 않으면 상관없다 같은 이야기를 들어보신 분들 있으실 겁니다 그런데 말입니다 이야기는 말을 옮기려는 게임처럼 몇 명만 건너가면 처음에 내용과 전혀 다른 말이 전달된 과 마찬가지로 유바 전문가들이 의견이 인터넷에서 이리저리 옮기면서 이상하게 바뀐 말입니다 원래 육아 전문가들은 이렇게 이야기들 팝니다 아기 들이 몸무게가 아주 많이 나가지 않는 한 하루 960 이상은 먹지 않게 주의하라 이 말의 의미는 920 까지는 괜찮다는 말이 아니고요 906 침이 넣으면 무조건 문제 라는 말도 아닙니다 이 말은 하루 960 이상 먹는 경우 아기에게 식습관이나 체중이나 밤중수유 같은 것이 문제가 되는 것은 없는가 확인하고 제대로 육아를 하고 있는 것을 확인 하라는 의미입니다 자 그럼 962 던 철이 든 별 차이 없으니 까 엄마들 께서 흔히 알고계시는 천이나 치고 이야기를 해보겠습니다 우선 이것을 댓글에서도 정정 보듯이 하루 1000원 북의 한다는 말이 있습니다 이건 좀 황당한 이야기 입니다 1000원 먹어야 한다는 것은 사실이 아니고요 실제로는 바로 700만 먹어도 문제가 될 수 있습니다 게다가 이식을 하게 되면 이유식을 충분히 모는 아기의 경우는 하루 오륙 빽 만 먹어도 충분 아기가 있습니다 게다가 몸무게가 과 2 인 경우는 휴식을 충분히 먹으면 수양이 하루 500 정도가 되는 아이들도 많습니다 1회 아기들의 경우 분유 통해 제트 있는 양을 보고 안 먹겠다는 아기들에게 억지로 정량 이라는 것을 채워서 분유를 먹이게 되면 하루 700을 묵어 더 과잉 인 경우가 있습니다 결론은 바로 채널 뭐야 한다는 말은 좀 황당한 이야기 란 겁니다 그 다음은 1000만 넘지 않으면 된다 라는 말도 있습니다 정말 천만 넘지 않으면 되느냐 그것은 또 아닙니다 실질 아이들 중에는 천정도 먹는 아이들은 흔치 않습니다 그리고 이렇게 천 정도를 먹는 아기들 중 상당수가 가진 경우가 많습니다 아니면 휴식을 제대로 먹지 않는 등의 다른 문제가 있는 경우와 또 대부분이구요 그런 특별한 이유가 아니라면 정상적으로 잘하는 아기라면 특히 이 의식을 먹는 아기라면 바로 채널 먹는다면 과 징이 될 위험성이 있습니다 특히 몸무게가 많이 나가 나게 될 경우 자기 스스로 조절 하기 위해서 적게 먹는 것이 일반적인데 천만 넘지 않으면 된다고 자꾸 대목에서는 곤란합니다 그럼 바로 천 이상을 먹게 되는 무조건 안 되는가 하면 또 그것도 아닙니다 몇번을 말씀드렸듯이 아기들 마다 가진 엔진이 다르기 때문에 소마는 기름이 양도 다른 것이나 마찬가지입니다 그리고 오늘 간의 2 소마는 양도 달라지기 때문에 하루 얼마를 먹는 가는 아기들에게 맡기는 것이 중요합니다 실제로 하루에 천 백 을 먹고 있는데도 몸무게가 정상으로 자료는 아기도 있습니다 이런 경우는 1102 이야기의 정량이 셈입니다 다만 이유식을 하는 아기들의 경우는 정상적으로 이 시기 진행된다면 이렇게 많이 먹게되면 대부분은 문제가 된다는 점 ma 치는 것이 좋습니다 그럼 천을 넘지 않게 주의 하라는 말을 어떻게 해야 될까요 이 말은 좀 고쳐서 생각하시는 것이 좋습니다 962 던 철이 든 일단 이 정도 양을 먹는 경우는 너무 많이 먹고 쓸 확률이 높기 때문에 아이가 제대로 잘 하고 있는가를 확인하는 것이 좋다는 이야기입니다 먹는 약은 아기가 스스로 먹는 만큼 본인은 것이 원칙인데 이것이 제대로 작동하고 있는가를 확인하는 것이 중요한데 이것을 확인하는 가장 기본적인 지펴 논 출생 시 몸무게와 지금의 몸무게 2% 를 확인해서 정상적으로 자라고 있는가 확인하는 겁니다 이게 정상이라면 일단 수 양이나 20 + 수양은 적정량 이라고 보시면 됩니다 그런데 만일 몸무게가 정상인데 이 의식을 한 아이가 수양이 너무 많다면 이 의식이 부실한 경우일 수 있다는 점은 꼭 알아 두셔야 됩니다 그리고 밤중수유를 오래 하는 것처럼 정상적인 수유에 패턴이 무너진 경우일 수도 있으니까 이것도 역시 관심을 가지셔야 됩니다 결론적으로 말씀드리면 아기 몸무게가 아주 많이 나가지 않는 한 하루 960 이상은 못지않게 주의하실 하는 겁니다 물론 주기적으로 동네에서 가장 손까지 가서 적정할 때 몸무게가 제대로 노력하는 것에 대한 확인하는 것이 중요한데 하루 960 이상을 먹는 경우 체중이 너무 빨리 자라는 것은 아닌가 예식이 제대로 되는가 아니면 필요상 밤중수유를 오래 하고 있는 것은 아닌가 등등 보편적 이유가 이 틀을 벗어난 것이 없는가 를 확인해 보시 라는 의미라고 생각하시면 됩니다 으 [음악] 으 5 으 으 [음악] 아 아 아
https://www.youtube.com/watch?v=wvLDAfKCce4,wvLDAfKCce4,"#213  모유수유아, 비만 되는 다섯 가지 지름길!!!",하정훈의 삐뽀삐뽀 119 소아과 (삐뽀삐뽀 119 소아과),안녕하세요 소아청소년과 전문의 가정입니다 간혹 모유수유 한데도 비만이 생긴 얀 질문을 하는 엄마들이 있습니다 인텔 세법은 모유를 먹이면 비만이 생기지 않는다는 데 혹시 잘 못 하시는 거 아니냐고 묻는 사람도 있습니다 센스 하기도 많은 모유수유 부모들이 기대와는 달리 모유를 먹여도 비만이 생길 수 있습니다 [음악] 5 비만은 먹는 카루 b 보다 4 회원은 가 비가 적은 경우가 지속되면 생기는데 모이를 물이 든 분이 늘 먹이던 많이 먹으면 살이 찔 수 밖에 없습니다 물론 모의 수리를 하면 아이들에게 비만이 적게 생기는 것은 사실입니다 하지만 모유를 먹인다 고 안심해서는 안 됩니다 실제로 소아과 진리 중에 모유만 먹는 아기인데 몸무게가 정말 엄청나게 많이 나가는 아이들이 정도 있습니다 그럼 이게 모유의 문제일까요 아닙니다 이런 경우 모유 그 자체의 문제라기보다는 모유를 무기는 패턴이 문제 2 경우가 대부분입니다 식기 이야기에서 pb 를 보면서 받아 먹는 습관이 쓰는 살찌기 딱 좋습니다 마찬가지로 모유 수유할 때도 모유수유 패턴이 잘 못 되어 있음은 모유를 먹이는데 도 아기가 살 찔 수가 있습니다 오늘의 휴재 인 모유 수유할 때 아기를 살찌게 만드는 5가지 지름 기에 대해서 말씀을 드리겠습니다 모유수유 중에 몸무게가 많이 나가는 아기들은 5가지를 하지 않는 것이 중요합니다 모유수유 할때 시간 마차 먹이지 말고 조금씩 자주 먹이지 말고 입 의 선대 보고 만다 고 먹이지 말고 보챈다 고 전부터 먹이지 말고 전류 한다고 적부터 먹이지 않는 것이 중요합니다 이 5가 이 중에서 한가지만 하고 있어도 몸무게 과 행인 아이들이 문제를 해결하기가 힘듭니다 이렇게 무디는 방법 원 모유수유의 기본원칙 카드 다른지 법인데 이렇게 수료하고 있으면 필요 이상으로 과잉으로 먹게 될 수 있고 과잉으로 문학 이들이 스스로 묶는 것을 조절할 수 없게 될 수 있습니다 특히 모유수유중 의 몸무게가 지나치게 많이 나가는 아기들 중에는 이들 5가지 중에서 2개 정도는 가지고 있는 경우가 많습니다 그래서 몸무게가 인 경우 항상 정상적인 수 패턴으로 뭐 있는가를 확인 하시는 것이 우선이라는 이야기입니다 몸무게 과잉은 돌 전의 경우 키가 따라 가는 경우는 대개 당장은 큰 문제가 되지 않습니다 만 잘못된 수유 패턴을 확인하고 고쳐주지 않으면 몸무게 문제는 점점 더 심각해질 때는 점 꼭 알아두셔야 합니다 몰수 에 대해서 좀더 상세한 내용을 알고 싶으신 분들께서는 정윤희 기비 를 참고하시기 바랍니다 아래의 링크를 붙여 드리겠습니다 [음악] 으 으 으 으 아 [음악] 아 아
https://www.youtube.com/watch?v=I_-qFYAAMNk,I_-qFYAAMNk,#215  모유수유 후 젖짜지 마세요!!  : 하정훈의 육아이야기,하정훈의 삐뽀삐뽀 119 소아과 (삐뽀삐뽀 119 소아과),아 [음악] 안녕하세요 소아청소년과 전문의 가져온 입니다 최근 많은 엄마들이 아기 젖먹이는 위에 유축을 해서 나머지 설 낮은 경우가 많습니다 엄마 제시 부족한 것도 아닌데 모유 수유 후에 난 문제 짜는 것을 당연하게 생각하는 부모들이 말해 졌습니다 모유수유의 먹다 남은 이들 꼭 짜 주어야 할까요 오늘은 모유수유 젖짜는 것에 대해서 말씀을 드리겠습니다 일반적으로 버튼의 엄마들은 모유수유에 젖을 짤 필요가 없습니다 도리어 뭐 이수 후에는 특별한 이유가 없다면 젖을 짜지 않는 것이 기본입니다 양쪽을 한번 2 무기 라고 했다고 한 적 슬 다 안목 이후 다른 쪽을 안 먹었다고 남문 쪽 젖을 짜 수도 안 됩니다 특별한 문제가 없는데도 모유수유에 젖짜는 습관을 들이게 되면 모유 무기가 점점 힘들어집니다 쓸데없는 일을 매번 돼야 하기 때문에 노력과 시간이 더 들어가는데 변할 이유가 없을 겁니다 게다가 모유수유에 저서 짜게 되면 전 양이 늘어나서 모유 수위에 문제가 생길 수도 있습니다 전 양이 늘어나면 무조건 좋은거 아닌가 라고 생각하는 부모도 있는데 그런거 아닙니다 전 양이 늘어나면 전유 후유 빙 이 생길수도 있고요 모 양이 늘어나서 유방 물이 생길 수도 있고 이게 반복되면 도리어 우리를 로 인해서 모양이 확 줄어들 수 있습니다 특별한 이유가 없다면 모유수유 한 후에 제설 자지 마십시오 가능하면 한번 수유할 때 양쪽 시설 충분히 다 비울 정도로 수유하는 것이 좋습니다 그럼 수유 후에 제설 잘 필요가 없습니다 그럼 아이가 젖을 다 먹지 못하는 경우는 남은 젖을 짜야 할까요 많이 아기가 충분히 먹지 않아서 제시 남는 경우는 제일 우선적으로 해야 할 것은 아이가 먹다가 잠들지 않게 수의 하시고 잠들라 하면 깨워서 충분히 먹이는 것이 중요합니다 제시 많이 나와서 충분히 먹고도 자신 않는 경우는 그냥 남겨주시면 됩니다 그럼 전 양은 저절로 조절됩니다 많이 먹다가 나머지 슬 짝이 되는 젖이 더 늘어서 문제가 될 수 있습니다 그래서 모유수유에 재 짜르는 말이 기본적인 모유수유 지침의 없는 겁니다 그럼 뭐 일수의 전 절대로 짜면 안 되냐 하면 그것은 아닙니다 모유가 부족하다고 확실히 진단받은 경우에는 모이를 양쪽 유방에서 충분히 다 먹고 난 후에 빈 제설 자지는 모의를 누릴 수 있습니다 모이를 늘이기 위해서 수유 후에 젖을 짜기 위해서는 병원에서 사용하는 정도의 좀 고급 전동 유치 키를 사용해서 제 슬 다 먹고난 후에 빈 젖을 양쪽 동시에 자는 것이 좋습니다 젖을 짜는 또 한가지 경우는 아기가 자는 하고 저서를 먹지 않아서 불어서 아픈 경우가 있는데 이 때는 아프지 않은 만큼 반짝 2시면 됩니다 특별한 이유가 없다면 모유 수유 후에 젖을 짜야 할 필요가 없다는 것 미리 알아두시면 좋습니다 모유수유에 대해서 좀더 상세한 내용을 알고 싶으신 분들께서는 정유미 db 를 참조하시기 바랍니다 아래의 링크를 붙여 드리겠습니다 [음악] 으 으 으 으 5 으 으 [음악] 아 으 아 아 으
https://www.youtube.com/watch?v=Jcbfr3Gv6Mk,Jcbfr3Gv6Mk,#218  공갈젖꼭지 사용! 몽땅 정리해드립니다. 소아과전문의 하정훈의 육아이야기,하정훈의 삐뽀삐뽀 119 소아과 (삐뽀삐뽀 119 소아과),안녕하세요 소아청소년과 전문의 가정입니다 아기를 겨울 때 엄마는 공갈젖꼭지 빨리는 문제로 고민을 많이 하십니다 육아에 대해서 수많은 정보를 처럼 공갈젖꼭지 대해서도 스스로 다른 내용들이 부모들을 헷갈리게 합니다 물려 라 말아라 i 치아가 삐뚤어진 다 상가가 등등 이번에는 공갈젖꼭지 사용에 대해서 말씀을 드리겠습니다 5 tera 이 아기들은 대부분 빠는 욕구를 충족시키기 위해서 손가락을 빠른데 아기 들이 빠는 욕구를 손가락 대신 만지 시켜주는 것이 공갈젖꼭지 입니다 한바탕 보태는 아기들도 입안에 공갈젖꼭지 맞물리는 신기하게 오름을 뚜 끝이고 기분좋게 열심히 빱니다 아기가 사람들을 많이 만나고 재미난 일들을 많이 겪으면 생후 6개월부터 돌 즈음에 공갈젖꼭지를 그만 빨게 되는 아기 들이 많습니다 하지만 돌이 지나 2 놀이 되어서도 공갈젖꼭지를 열심히 빠는 아기들도 제법 있습니다 공갈젖꼭지를 어느정도 판다고 해서 아기들에게 의학적인 아 심미적으로 문제가 생기는 것은 아니지만 몇 가지는 미 알고 사용하시는 것이 좋습니다 일부에서는 공갈젖꼭지를 암 빨리 면 욕구불만이 되기 때문에 두 살까지 열심히 빨리 라는 이야기 도 하는 삶이 있는데 일은 잘못된 이야기입니다 엄마의 필요해여 있어 빨리는 경우가 대부분이구요 대부분의 암 빨아 아기 들이 더 정서적으로 안녕 되는 경우를 봅니다 오히려 공갈젖꼭지를 올해 빨리 게 되면 의 전승이 생길 수 있기 때문에 주의하시는 것이 좋습니다 공알 적시에 대해서는 말들이 많지만 이거 하나 부터 말씀을 드립니다 인류 역사상 공갈젖꼭지를 사용하는 것이 얼마나 되어서 같습니까 백년도 모습 같습니까 아니죠 동물들 중에 아기 키우면서 공갈젖꼭지 사용하는 동물이 있을까요 없죠 다시 말하면 공갈 젖꼭지는 반드시 사용해야 하는 기분은 아니란 이야기입니다 이 그 사용하지 않으면 빠는 욕구를 충족시켜 주지 못해서 애정결핍 이라도 생길까봐 고민할 필요는 없다는 이야기입니다 간혹 손가락 빠는 것을 줄이기 위해서 공갈젖꼭지를 빨리는 부모도 보는데 저는 공갈 젖꼭지 빠는 것 보다는 손가락 빠는 쪽이 더 낫다고 생각합니다 손가락 빠는 것에 대해서는 전에 올린 영상을 링크해 드리니까 참고하시면 도움이 되실겁니다 오늘은 공과 족히 사용의 장점과 단점과 그리고 사용상 주의점 과 공갈젖꼭지를 끊는 방법에 대해서 말씀을 드리겠습니다 먼저 공갈젖꼭지 사용 의 장점에 대해서 말씀을 드리겠습니다 첫 번째 공갈젖꼭지를 사용하는 보체 를 아기가 쉽게 달래 질 수 있습니다 그 무엇보다도 공갈젖꼭지를 사용하면 엄마가 편하다는 것이 제일 큰 장점입니다 게다가 아기의 빠는 욕구를 충족 시켜 아기의 기분이 좋아지고 정서적으로 안정감을 줄 수 있습니다 두번째 공갈젖꼭지를 사용하면 잠자리에서 보채는 아기가 쉽게 잠들 수 있게 도와줄 수 있습니다 세번째 0 말 족지 를 사용하는 손가락 빠는 것을 줄일 수 있습니다 특히 손가락을 너무 바라서 염증이 생긴 아기들에게는 손가락 대신 공갈젖꼭지를 빨리해서 염증 치료 하는데 도움을 줄 수 있습니다 그리고 염증의 재발을 막을 수도 있습니다 네번째 공갈젖꼭지를 적당히 사용하면 영화들은 4 생기는 것을 조금 줄일 수도 있습니다 다섯번째 공갈젖꼭지를 사용하면 진료를 받을 때나 예방 사는 막거나 피를 뽑는 등 아기가 아픈 의학적 치료를 할 때 아기 관심을 돌 수 있어 울고 보채는 것을 줄일 수가 있습니다 여섯번째 공갈젖꼭지를 사용하는 기 안으로의 공기 움직임을 도와줄 수 있어 비행기 장 씨의 기압 차이로 기가 아파서 아이가 보채는 것을 줄여줄 수 가 있습니다 일곱번째 공갈젖꼭지를 사용하면 손가락 반응보다 끊을 때 상대적으로 쉽게 끊을 수 있습니다 버리면 되니까요 하지만 일은 장점 만큼이나 거래할 단점 더 많은 것이 공갈젖꼭지 사항입니다 이번에는 단점이 약입니다 첫번째 공갈젖꼭지를 신세 마치게 사용하면 모유 수의 지장을 줄 수도 있고요 모양이 줄 수가 있습니다 모유 수야의 경우는 적어도 생후 4주 는 지나서 공과 적지를 사용하시는 것이 좋습니다 두번째 공갈젖꼭지를 사용하면 아기가 0 말투 복제 의 저야 에 대해서 나중에 극이 없음은 잠을 잘 자지 못할 수 있습니다 자다가 공갈 젖꼭지가 빠지면 입에 다시 물 기 전에 다시 잠들지 못할 수도 있습니다 세번째 공갈젖꼭지를 필요이상 항상 김에 물려주면 옹알이 하는 악의 일에 마개를 막아 두는 것과 마찬가지가 되어서 언어 발달에도 지장이 될 수 있습니다 너무 오래 빠른 경우 iq 에 영향을 줄 수 있다는 이야기 도 있으니까 너무 오래 곡마 족지 에 탐닉 하지 않게 주의하시는 것이 좋습니다 네 번재 공간에 복지 를 사용하면 아기의 입을 막아 두는 것이나 마찬가지입니다 아기는 입으로 세상을 느끼는데 공부에도 복지를 너무 많이 사용하는 세상을 향한 통로가 하나 닫히는 세미나 마찬가지가 될 수 있습니다 다섯번째 공갈젖꼭지를 너무 오랜기간 상황이 되는 중 염도 더 잘 글리 수가 있습니다 여섯번째 두둥 까지 지나치게 공갈젖꼭지를 많이 파는 경우는 치아에 문제가 생길수도 있고요 영구치의 하나는 만 6세가 넘어 수도 공갈젖꼭지를 올해 빨게 되는 영구치의 문제가 생길 수도 있습니다 일곱번째 0 가지 꼭지를 나이가 들어서 사용하게 되면 친구들이 놀려서 아이가 스트레스를 받을 수도 있습니다 이런 장단점을 보시고 필요한 경우 장 반 장관 사용하는 것은 크게 문제가 되지 않습니다 사용할까 말까 이것은 부모의 선택에 달린 것입니다 하지만 사용할 때에 꼭 지켜야할 주의사항도 있습니다 이거는 꼭 알아 두셔야 됩니다 첫 번째 아이가 배고파 서울대는 공갈 젖꼭지를 물려 서는 안 됩니다 공갈 젖꼭지는 책사 대응이 아닙니다 배가 고파서 오늘 아기에게 아무것도 나오지 않는 공갈 젖꼭지를 빨게 되면 아기가 화가 나서 나중에도 분유나 모유를 잘 안 먹게 될 수도 있습니다 두 번째 모유 수유를 하는 경우 생후 4주 이내에는 공갈젖꼭지를 사용하지 않는 것이 좋습니다 모양이 줄 수 있기 때문입니다 세번째 공갈젖꼭지를 물고 자는 습관은 곤란합니다 자다가 물고 있던 공갈 젖꼭지가 빠지는 작고 잠을 깰 수 있으니까 이것은 피하는 것이 좋구요 하지만 자라가 빠진 공갈젖꼭지를 아기 스스로 입안에 다시 넣을 수 있다면 억지로 되는 것보다는 서서히 끊는 것이 좋을 수 있습니다 그렇다고 자다가 약간 보태는 아기에게 엄마가 편할 목적으로 또는 잠을 쉽게 절 목적으로 공갈젖꼭지를 습관적으로 일이 물리는 것은 곤란합니다 네번째 공 가지고 끼는 소득을 잘해야 합니다 생후 6개월 이전의 아기들은 면역력이 약하기 때문에 공부할 즉 복지를 잘 삶아서 소독한 후에 사용해야 아기가 나 부근에 가면 되는 것을 막을 수가 있습니다 공갈 조국 찌가 청결해야 아기가 병에 걸릴 확률이 줄어듭니다 하지만 아이가 스스로 떨어진 물건을 집어서 입에 넣을 둘째 정도의 나이가 되면 어느 정도 명성이 생긴일 0 1 수 있기 때문에 소독하는 데 지나치게 신경을 쓰지 않아도 됩니다 다섯번째 공갈젖꼭지를 주에 묶어서 아기 목에 그러 주면 안됩니다 아이가 잘 들어 드린다고 공알 죽지를 줄에 묶어서 아기 모두 이끌어 주면 잘못하면 땐 기다가 목이 졸리는 추가 있습니다 짓기 를 사용해서 옷에 이렇게 고정시켜 주는 것은 상관이 없습니다 여섯번째 공갈 젖꼭지는 반드시 사서 사용해야 됩니다 사용 하다가 남은 젖병의 젖꼭지 뒤를 휴지 같은 곳으로 막아서 공갈젖꼭지 대신 사용하시는 분도 있는데 이렇게 딜을 막은 일반 젖꼭지를 사람은 아기가 공기를 들여 마시게 되어서 문제가 생길 수도 있습니다 공갈젖꼭지 는 시중에서 판매하는 것으로 사용하는 것이 좋습니다 일곱번째 공갈 주고 끼의 설탕 같은 것을 묻혀서 빨리 지 마십시오 간혹 아기를 더 잘 닳는 목적으로 단 맛이 나는 것을 묻혀서 사용하는 부모도 있는데 이것은 골라 합니다 치아가 날 아기라면 충치가 생길 수 있습니다 공갈 적지는 주위에서 사용하면 엄마도 편하고 아기에게 도움이 되는 면도 있지만 함부로 노모를 사용하는 것은 바람직하지 않습니다 물론 전혀 사용하지 않아도 아무런 문제가 없구요 만 6개월이 지나면 어느 정도 빠는 욕구가 충족되고 사람들을 많이 만나고 재미난 일들이 많이 생기는 서서히 사용이 주고요 6개월에서 돌 사이에 공갈젖꼭지를 주제로 끊게 되는 경우와 대부분입니다 아이가 편하다고 해서 하염없이 공갈젖꼭지를 물러서는 곤란합니다 아기는 사랑으로 키워야 하나 필요이상의 욕구 충족은 곤란합니다 아기도 절제를 배어 하고 그것을 가르치는 사람은 다름아닌 부모입니다 6개월이 지나서도 공갈 젖꼭지를 계속 빨리 하면 꼭 필요할 때만 잠시 빨리고 운다고 계속 빨리 거나 잠잘때 공갈 젖꼭지를 빨며 자기 해서는 안됩니다 모든 것이 그렇듯이 공갈젖꼭지 끊는 것도 부모 마음대로 되는 것은 아닙니다 부모가 보기에 아이가 적 엄마 노력하는 공갈젖꼭지를 안 볼 수 있는 것처럼 보여도 그걸 쉽지 않다는 것 이 해 주십시오 부모가 권위가 있어 훈 위기 잘 되어서 아이가 자기 통제가 잘 되는 아기라면 부모가 단원 되도록 하루아침에 공갈젖꼭지를 끊는 그도 가능합니다 하지만 요즘 아기 오는거 금 내고 아기들에게 끌려가는 부모들이 많은데 이런 경우 단호하게 대하고 억지로 끊으려 하면 아이들은 정말 많이 울고 스트레스를 많이 받고 상태가 악화될 수 있기 때문에 주의하십시오 고 말 쪽지로 사용한다고 혼을 내거나 스트레스를 주거나 썬 음식을 받아 두는 것은 하지 않는 것이 좋습니다 공갈젖꼭지를 끊지 못하는 경우 특히 밤에 빠른 것이 지속될 경우는 느긋하게 기다리면서 가정 u 친구 그리고 다른 아이들과 함께하는 시간을 내려 줘서 아이가 심심하지 않게 해주십시오 그러다 보면 저절로 빠른 부터 그치게 됩니다 특별한 문제가 없다면 억지로 무리해서 끊을 필요는 없습니다 무리에서 빨리 끊으려 하는 것보다는 엄마의 필요해서 아기에게 일부러 0 말 두 꼭지를 자꾸 물리는 일부터 피하는 것이 제일 우선일 겁니다 [음악] 으 으
https://www.youtube.com/watch?v=ku3lBWU0nMU,ku3lBWU0nMU,"#244  함몰유두! 임신 중 & 출산 후 대처방안 완전 정복! : 소아청소년과 전문의 하정훈의 육아이야기 (소아청소년과 전문의, IBCLC)",하정훈의 삐뽀삐뽀 119 소아과 (삐뽀삐뽀 119 소아과),안녕하세요 소아청소년과 전문의 가정입니다 함몰 일인데 산진 의 교정을 해야 하나 라는 질문을 가 높았습니다 심지어 산전의 함몰유두 교정 유방 마사지를 받아야 모유를 제대로 물 있다고 생각하시는 임신부도 있습니다 오늘은 1 물 지도와 아물지도 이 산전 대체 반국가 출산후 모유수유 할때 주의할 점에 대해서 말씀을 드리겠습니다 tera 으 [음악] 우선 판 물류 덜한 아이가 쳐서 물었을 때 유두가 안으로 쑥 들어가는 것을 말합니다 그냥 맛에는 함몰 일처럼 보이지만 진짜 1 물리 도가 아닌 경우도 많습니다 1 물 2 들어온 아이가 엄마 저서 물때 아기 입술이 닿는 부위에 손가락을 떼고 아이가 저서를 물 듯이 유방을 잡았을 때 유두가 쑥 들어가면 그게 함몰된 겁니다 이때 들어가지 않고 평평한 면 병 치유 라고 말하고 튀어 나오면 정상입니다 1 물리 2 는 눈으로 봐서 정하게 평가가 어렵습니다 아이가 제 3의 빨래처럼 손가락으로 유류비를 잡아봐야 정확하게 알 수 있는 겁니다 함몰 유두나 평 편 유두 처럼 보여도 아이가 엄마 제설 물때 유두가 튀어 나 한다면 이것 때문에 모이세 아닌데 문제가 생기지는 않습니다 정말 함몰 유두 인경은 어떻게 할까요 우선 1 물 이더라도 임신중에 교정하는 방법은 권장되지 않습니다 유두를 잡아 당기는 호프 1 방법이나 유두와 유륜 주위를 마사지 에서 이완시켜 준다 는 방법이라 유두를 자극하는 방법 등은 특별한 효과를 기대할 수 없을 뿐 아니라 조산을 일으킬 위험성도 있기 때문에 권장되지 않습니다 함몰유두 교정술 도 모유수유를 목적으로 하는 것은 권장하지 않습니다 그리고 이런 방법을 하지 않아도 제대로 모유수유 하는 방법을 알고 스 1 하게 되면 모유를 먹이는데 대개의 경우는 별 문제가 없기 때문에 이런 방법들을 이제 뭐 이 전문가들은 권장하지 않고 있는 방법들입니다 1 물류 더라도 임신중 유방 관리를 위해서 특별한 갈 필요없이 그냥 2시면 됩니다 팜 물리 대한 주의사항은 출산 후부터 시작된다 고 생각하시면 됩니다 1 물리 더라도 대개의 경우 모유 수유할 수 없는 것이 아니기 때문에 모이를 무기 못 할까봐 미리 걱정하실 거 없습니다 이런 걱정 미리 하고 있으면 모일 수 일을 제대로 하지 못할 위험성이 더 커지기 때문에 나도 몰 먹일 수 있다 라는 자신감을 가지는 것이 좋습니다 자신감만 카이도 바위 상승 0 은근한 마찬가지입니다 물론 임신 중에 함몰 유두 인가 아닌가를 확인해 두는 것은 중요합니다 1 물리 2 인 경우는 엄마가 뭐 이를 제대로 물리지 못할 경우 모유 수유할 때 젊 무게가 좀 더 힘들어 질 수 있기 때문에 출산후 좀 더 열심히 모유를 못 이기겠다 는 각오를 단단히 하시고 산전 모일 교육을 확실하게 받아두는 것이 좋고요 특히 수유 자세가 전 물리는 밤부 에 대해서는 정확하게 알고 제대로 2기 두른 것이 모유수유 성공의 중요 합니다 그리고 함몰 이드 인 경우 일단 아기가 우유병을 빨게 되면 튀어 난 젖꼭지를 빠는 데 익숙해져서 1 물리 된 엄마 젖을 빨리 가 힘들어질 수 있습니다 그래서 출산후 전부터 엄마지만 불리는 것이 매우 중요합니다 처음부터 엄마지만 보면 1 물리 더라도 아기가 모유를 먹는 데는 대개의 경우는 별 문제가 없습니다 모유를 먹일 때는 우유병을 빨 때와 달리 젖꼭지를 가이드 삼아서 물거나 젖꼭지를 무는 것이 아니고 요즘 과 유방을 물기 때문에 젖꼭지가 1 물이라도 별 문제가 없습니다 대개의 경우는 그래서 출산 후 산후 조리할 때 엄마가 하루종일 24시간 모자 동시에 하면서 점막 물리는 것이 모일 수 일을 제대로 하는 데 중요합니다 1 물류 도 그렇고 보통 유로 가진 엄마도 마찬가지 입니다 일단 의병 즉 코치를 몇 번 누군 안 아기들은 밤 머리는 맛을 제대로 물지 못하는 경우도 있습니다 이런 경우는 모의 수 약이 직전 유린을 누르고 유두를 만져주고 살짝 당겨서 약간이라도 유두가 돌출 되게 해주면 아이가 좀 더 젖을 쉽게 물 수가 있습니다 저물기 힘들어 하는 경우는 모유수유를 하지 않을 때 함몰유두교정기 를 미리 사용해 2 구나 절물 때 유두보호기 를 사용해서 젖을 먹이는 것도 한가지 방법입니다 다음은 1 무리도 가 있을 경우 주의할 점 몇가지를 알려드리겠습니다 함 우리도 가 있는 경우 유방 우리 생기면 전 무기가 더 힘들 있었기 때문에 24시 아몬 성실 하면서 절 열심히 먹이는 것이 중요합니다 그리고 한 물도 가 있는 경우는 아이가 젖을 제대로 물지 못해서 u 방울도 잘 생길 수 있기 때문에 유방 우리 생기지 않게 유방을 제대로 비우는 데 신경을 쓰셔야 합니다 그리고 한 물도 가 있는 경우는 가능하면 쳐서 짜세 먹이지 마세요 산후 조리할 때 밤에 잠시라도 젖을 짜서 먹이게 되면 아기는 엄마젖을 무기가 점점 더 힘들어져서 결국 모유수유를 제대로 할 수 없게 될 수 밖에 먹게 됩니다 그리고 1 물리 2 가 있는 경우는 아기가 제대로 수행하지 못해서 몸무게가 잘 늘지 못하는 경우가 가능 키 때문에 출산 후 주기적으로 소아 정청 가사에 진료를 받고 아기가 제대로 잘하고 있는지 확인하는 것이 좋습니다 소변과 되는 기적이 이를 세서 아기 제일 잘하고 있는가 확인하시는 부모도 있는데 이건 참고 사항일 뿐입니다 소변 대변 기가 제대로 나와도 몸무게 늘지 않는 경우와 정종 있으니까 그 후 너무 믿지 않는 것이 좋습니다 한 번 저도 너무 걱정하지 마십시오 1 물리 2 가 있어도 대부분은 모유를 잘 못 낼 수가 있습니다 다만 미리 알아두시고 산전의 좀더 각오를 단단히 하시고 산 전에는 교정 같은거 특별히 할 필요가 없는데 산전 모의 교육은 잘 받아서 수유 자세 아전 물리를 제대로 배우시면 됩니다 출산후 산후 조리할 때 24 # 모여 동시를 하고 젖 10시 물리면 다른 받을까 마찬가지로 대부분의 경우는 모유를 잘 모실 수가 있습니다 물론 일부 아기들은 1 물 때문에 제대로 젊어질 수 없는 경우도 있습니다 이런 경우는 유두보호기 를 사용해서 모이거나 짜서 무게 할 경우도 있기 때문에 만일 1 물리 도 때문에 제설 제대로 물지 못하는 경우는 모이를 전문으로 봐주시는 전문가와 상의하여 한다는 점도 미리 알아두시면 좋습니다 으 으 으 으 [음악] 아 아
https://www.youtube.com/watch?v=PUD_qcViuxo,PUD_qcViuxo,"#265  먹다 잠드는 신생아!  꼭 알아야할 육아법 : 소아청소년과 전문의 하정훈의 육아이야기 (소아청소년과전문의, IBCLC)",하정훈의 삐뽀삐뽀 119 소아과 (삐뽀삐뽀 119 소아과),안녕하세요 소아청소년과 전문의 가족입니다 요즘 신생아를 키우는 엄마들은 아기가 원래 조금 먹고 자는 것이 정상인지 라는 경우가 많습니다 산후 조리할 때 아기를 진생 하시리 맡기고 아기 수유 하라고 거래세 가면 아기 너무 울고 있고 우는 아기에게 모이게 되면 조금 먹다가 잠들고 힘든 엄마는 아기를 다시 마키 보면 조금 이따가 또 께서 무게 할 때는 산후조리 에서 엄마 다시 끼우기 힘드니까 신생아실에서 분유를 먹이는 일이 반복되는 경우가 많습니다 오늘은 신생아 먹다 자는 아기에 대해서 말씀을 드리겠습니다 222 으 으 으 으 우선 원칙 부터 말씀 드리겠습니다 신생아 시기에는 한번 수유할 때 한쪽 개설 15분 이상 뭐 길게는 50분까지 모여 되는데 한적해서 이렇게 충분하게 먹이고 반쪽을 다 모으는 다른 쪽 젖도 같이 먹어야 합니다 분수 할 때도 한 번에 충분한 양을 먹는 것이 좋습니다 그런데 신생아 초기에는 충분히 길게 먹지 않는 아이들이 많습니다 원래 아기들은 출생 후 가정도 가지 나는 잠이 많아지고 분만 도중에 여러 가지 사용한 약물이나 아기를 신생아 시에 둔 등이 조치 때문에 충분히 먹지 않고 먹는 도중에 자는 경우가 많습니다 물론 미숙아로 태어난 경우 힘이 없어서 길게 먹지 못하고 문 문 저기에 잠들기도 합니다 최근에는 산후조리원에서 24시 아몰 동시를 하지 않고 신생아실에 아끼는 맡기면서 백업할 때 바로 수유를 하지 않고 울 때 수유를 하는 일이 생기면서 조금 먹다 잔나 길이 더 많아졌습니다 조금 먹었으면 다음에 더 먹이면 되지 않을까 이렇게 생각하시는 부어도 있는데 그게 그렇게 간단한 문제가 아닙니다 이렇게 한번 3 할 때에 기계 먹이는 습관을 들이는 것은 모유를 충분히 먹이는데 중요하고요 유방을 완전히 비울 때 있어 모유를 내리는데도 중요합니다 한번에 충분히 먹는 것은 모이를 무기 때뿐 아니라 분유를 문이 때도 마찬가지로 중요합니다 이렇게 한번에 충분히 먹는 습관을 들이면 109회 가 그저 서 점차적으로 수익 암기 흐를 하게 되고 아기 스스로 먹는 시간을 일정하게 만들기 쉬워져서 나중에 밤잠을 길게 자서 밤새 아무도 잘 자는 습관 들이기가 쉬워집니다 쉽게 이야기하는 아기 키우기 쉬워지고 아기도 일상을 편하게 살아가기 제거하기가 쉬워진다는 열립니다 그래서 아기를 시키기 울림은 한번에 충분히 먹고 먹다 단어의 들은 깨어서 못 읽는 습관을 신세가 초기부터 드리는 것이 좋다는 이야기입니다 먹다 자는 것도 습관입니다 신세가 초기에 목자 다른 습관이 잘못된 아이들은 계속 먹다 다른 스카이 지속되고 나중이 되면 고치기가 힘들어지는 것이 문제입니다 그리고 한번에 충분히 먹지 않고 잠들면 모유수유아 의 경우는 앞쪽 점만 먹게 되어서 전유 후유 불균형으로 변이 물고 지고 자주 보게 대해서 응딩이 할 수도 있고요 아기가 불편해질 수 있다는 점도 문제 이고요 먹다가 잠자면 한문의 충분히 먹고 충분히 젖을 비우지 못 할 수 있는데 그럼 전 냥이 줄 수 있다는 점도 문제입니다 그리고 한분이 충분히 제대로 먹지 못하면 점점 더 힘이 없어서 먹다가 잠드는 것이 더 신일 수 있고요 나중에는 힘이 없어서 배고픈 것도 잊고 잘 안먹고 계속 잘 수 있다는 점도 문제입니다 이런저런 이유로 신생아 시기에 조금 먹다가 잠들면 깨워서 먹이는 것이 중요합니다 하지만 먹다 잠들면 깨우는 것 보다는 먹다가 잠들지 않게 미리 하는 것을 고려해야 됩니다 우선 너무 배고프지 않은 상태에서 다시 말하면 배고파 할 때 바로 먹이는 것이 중요합니다 너무 배고파서 울기 전에 무기 라는 이야기입니다 너무 배고파서 울 때 먹이면 아기는 이미 기운이 빠져서 힘들어서 먹다가 잠 들기 쉽습니다 아이가 먹고 싶어 하는데 좀 졸려 보이면 깨워서 먹이는 것이 좋습니다 어딜가 뵙기 피규어 좀 시원하게 주고요 기저귀도 갈아주고 한 번 더 안아주고 말도 걸어주고 스킨쉽도 느려지는 것이 좋습니다 그리고 먹는 도중에 아기를 깨어 면서 아기와 반응을 하면서 보이는 것이 좋습니다 머리는 도중 말도 걸고 선발도 만져주고 남도 특정 으로 쓰다듬어 주면 좋습니다 그래도 먹다가 졸여 하는 같은 않아서 트림도 시켜 주면 좋습니다 그래서 졸려 하면 물을 약간 적신 수건으로 아기 얼굴을 살짝 닦아 줘도 좋습니다 먹다가 제시 적게 나와도 아기는 젖을 물고 잘 수 있는데 어느 정도 먹어서 젖이 잘 나오지 않아서 제상 팀이 현재 아기 줄어들면 유방을 누르면서 모이면 전시 좀 더 잘 나와서 아기 넘게 에서 다시 먹게 될 수 있습니다 먹는 도중에 아기가 말도 걸고 가능하면 눈도 맞추고 손발은 만지는 등의 반응을 하면서 먹는 것이 좋다는 이야기입니다 먹다 잠든 하기는 깨어서 라도 밤 불에 충분히 문이고 다음에 배워 볼 때까지 느긋하게 기다려 주는 것 이게 아기를 쉽게 키우는 데 중요하다는 것 꼭 기억해 2시기 바랍니다 으 으 으 [음악] 아 아
https://www.youtube.com/watch?v=_tYrdgL0cFk,_tYrdgL0cFk,"# 260  신생아 황달 있어도 모유수유 중단할 필요없습니다 : 소아청소년과 전문의 하정훈의 육아이야기 (소아청소년과 전문의, IBCLC)",하정훈의 삐뽀삐뽀 119 소아과 (삐뽀삐뽀 119 소아과),안녕하세요 소아청소년과 전문의 가정입니다 아기들은 태어나서 며칠 후부터 황달이 있는 경우가 많습니다 아기들은 원래 황달이 있다가 좋아한다는 말을 하는 분도 있는데 황달이 다 별 문제없이 좋아지는 것만은 아니기 때문에 일단은 황달이 있으면 얼마나 심한지 소화 청순 것에 진료를 받고 확인하는 것이 안전합니다 222 [음악] 모유를 먹이는데 황달이 있으면 모유를 끊어야 한다고 생각하는 사람도 있는데 황달 때문에 모유를 끊어서 는 안됩니다 모유수유 중에 생후 일주일 전에 모유수유 양이 적어서 황달이 생기는 경우가 있는데 이때는 모이를 중지하는 것이 아니고 모유를 더 열심히 뭐야 황달이 좋아집니다 모유수유중 생후 일주일 이후에 생기는 황달은 모유 그 자체 때문에 생기는 모유 황달 1 수가 있습니다 이런 경우도 한달 외에는 뭐 에 문제가 있는 것이 아니기 때문에 모유를 계속 먹어도 아무런 문제가 없습니다 다만 황당 이 너무 심한 경우는 황달 수치 를 줄이기 위해서 하루나 이틀정도 일시적으로 뭐 이 문양을 줄이고 혼합 수유를 해야 하는 경우가 있습니다 이런경우도 황달이 좋아지면 바로 다시 완전 뭔 수를 하시면 됩니다 예전에는 이런 경우 모유를 하루이틀 중지하고 분유만 보겠지만 이제는 지침이 바뀌어서 혼합수유 하는걸로 뭐 이끈 차고 모이는 걸로 바뀌었습니다 혼합수유 일할 때는 분유를 무기는 만큼 제설 열심히 자주 고 컵으로 분을 모시는 것이 좋습니다 그렇게 하지 않으면 나중에 첫을 다시 본 일대 제시 잘 나오지 않거나 아기가 엄마 젖을 잘 빨지 않을 할 수 있기 때문에 모이를 다시 뭐니 힘들어질 수도 있습니다 모의 황달은 한두달 지속될 수도 있습니다 여기서 주의할 것이 있습니다 황달의 원인이 무엇이든 모이를 완전히 끝나는 경우는 없다고 생각하시면 됩니다 황달 때문에 모유수유 에서 분이 수로 바꿀 필요도 없고 바꿔서 안된다는 점 꼭 미리 알아 2시기 바랍니다 [음악] 으 으 [음악] 아 아 아
https://www.youtube.com/watch?v=fq0X4V8igCg,fq0X4V8igCg,"#280  모유수유아 녹변!  주의할 점 알아봅시다.: 소아청소년과전문의 하정훈의 육아이야기(소아청소년과전문의, IBCLC, 삐뽀삐뽀119소아과 저자)",하정훈의 삐뽀삐뽀 119 소아과 (삐뽀삐뽀 119 소아과),안녕하세요 소아청소년과 전문의 화정 입니다 분유를 먹는 아니나 혼합 수야는 아기 간호 편을 보는 것은 문제가 되지 않습니다 하지만 모유만 먹는 아기가 넋 변을 보는 것은 조금 다를 수 있습니다 오늘은 뭐 이 문학인 어떤가 모임 응가 이 간혹 편을 볼 때 주의할 점에 대해서 알려드리겠습니다 [음악] 5 분유를 먹는 아기의 경우는 역변을 봐도 했으나 물기나 아기에게 다른 이상이 없다면 문제를 삼지 않습니다 모유를 먹이는 경우도 간혹 편을 보는 경우는 문제라고 보지 않습니다 분유를 먹일 때와 마찬가지로 간혹 목표를 보는 경우 변을 회수와 변에 물기가 문제가 되지 않고 아기에게 다른 문제가 없다면 이건 증상이라고 판단합니다 하지만 모유만 먹는 아기가 넋 편을 계속 볼 경우는 일단 관심을 가지고 한번은 소아 층 성 가사에 진료를 받는 것이 좋습니다 물론 대언의 물기나 횟수가 정상 범위인 경우라면 문제가 없는 경우가 대부분이지만 그래도 확인할 필요는 있습니다 계속 녹 편을 보는 경우 전유 후유 불균일 경우도 가로 있습니다 한쪽 개설 충분히 비우지 못하면 상대적으로 탄소 아메리 많은 전율을 많이 먹게 되고 그럼 소위 좋아지지 않아서 물건들을 자주 그리고 녹색 변을 볼 수 있습니다 이런 경우 한적해 설 충분히 괴로운 것이 중요합니다 바로 엄마가 먹는 음식 성분이 아기 장을 자살할 수도 있습니다 대표적으로 1 음식이 유제품 인데 이것은 의사의 진료를 받고 의사의 처방에 따라서 엄마가 먹는 우위를 주시든지 끈 뜬 지를 상의하시면 됩니다 모이 먹는 아기가 높여 를 본다고 무조건 우리를 끊는 거 아닙니다 역변을 넣어도 그리고 우유가 정말 우리나라도 심하지 않으면 그대로 우리를 모기도 되는 경우가 많습니다 그리고 엄마가 녹색채소 처럼 녹색이 많은 음식을 너무 많이 먹어도 아기 간호 편을 볼 수 있습니다 이 경우는 엄마에게 문제가 없다면 아기에게도 문제가 되지 않습니다 이외에도 아기가 아픈 경우 장운동이 달라져서 넋 뼈를 캐서 볼 수도 있고 이우식 초기에 장이 적응되지 않아서 넋 뼈를 볼 수 있는데 이 경우는 아기 문제가 해결되면 녹 뼈는 재정도 비결이 됩니다 모유 먹는 아기가 넋 뼈를 논다고 모유를 끊고 분유로 바꾸지는 마십시오 대부분 문제가 없고 문제가 있어도 모임 어기면서 해결할 수가 있습니다 으 으 [음악] 아 아
https://www.youtube.com/watch?v=xI7N8bcy9yo,xI7N8bcy9yo,"#294  모유! 유축해서 먹이면 정말 고생합니다.: 소아청소년과전문의 하정훈의 육아이야기(소아청소년과 전문의, IBCLC, 삐뽀삐뽀119소아과저자)",하정훈의 삐뽀삐뽀 119 소아과 (삐뽀삐뽀 119 소아과),안녕하세요 소아청소년과 전문의 하정우 입니다 최근 모 이수하는 부모들 중에는 저서 유치에서 무기는 부모들이 제법 있습니다 왜 그런 황당한 일을 하신다고 물어보니 아기가 젖을 물지 않는 답니다 이번에는 모유 먹이는 부모들을 괴롭게 만드는 저서 유치해서 무기는 것에 대해서 말씀을 드리겠습니다 이번 영상은 임신부 처럼 아직 한번도 쳐서 유치에서 물리지 않는 부모들이 출산전에 꼭 보시 할 영상입니다 이번 영상에서는 처음부터 이 책에서 먹이지 않는 반국가 지금 유치에서 먹이는 부모들을 위한 해법을 알려드리겠습니다 tel 5 tera [음악] 먼저 말씀드릴 것은 모이는 직접 물려서 먹이는 것이 최고라는 겁니다 그리고 직접 물려서 모기야 모유도 잘 나오고 잘 응하고 모유의 장점 도 극대화 됩니다 그리고 아이가 배고파 하면 바로바로 젖을 물릴 수 있으니 엄마 아기의 애착 형성의 도 이거 매우 중요합니다 모유를 직접 누리세요 라고 말하면 그건 누가 모르나요 아이가 엄마 젖을 안 불어서 유치 20 린다 니까요 라고 말씀하시는 부모도 있습니다 맞습니다 유치에서 물리지 않고 직접 물리면 u 측에서 먹일 수 밖에 없는 상황을 만들지 않는 것이 중요합니다 그래서 신생아 처음부터 산후 조리할 때 부터 모유를 유축해서 먹이지 않는 것이 종료합니다 첨부 들지 에서 보지 말란 얘기 입니다 일단 주 층에서 무게 때는 엄마 젖을 잘 물지 않을 하기 때문에 산후 조리할 때 의학적으로 특별한 이유가 없다는 규칙에서 모유를 먹이지 말아야 합니다 그런데 산후 조리할 때 엄마가 밤에 쉬어야 하고 자야 한다고 위축을 건녀 하는 경우 출산후 힘든 많은 얼떨결에 아무런 생각없이 모유를 죽여 주게 됩니다 그럼 그 때는 편할지 몰라도 뭐요 제대로 먹이는 것은 갈수록 정말 힘들어 지고 어려워집니다 그래서 모유를 제대로 그리고 쉽게 먹게 되면 의학적 이유가 없다면 출산후 누가 무슨 이유로 던 절 유치해서 머리 라는 소리를 해도 그 이야기를 듣지 않는 것이 좋습니다 그래서 출산 전 엄마가 나는 유치에서 먹이지 않고 직접 저서를 물려서 먹겠다는 생각을 확실하게 가지고 아기를 출산해 야 얼떨결에 이중에서 모유를 먹이는 사태를 막을 수가 있는 겁니다 물론 산후 조리할 때 신생아실에 아이를 맡기고 저서 유치해서 먹이면 당장은 조금 편할 수 있습니다 그렇게 한다면 모양도 제대로 놀지 않게 되고 유추가 모이를 의 병으로 먹은 아이들은 의병 첫 국제 익숙해져서 엄마 젖을 잘 물지 않고 빨지 않으려 할 수 있습니다 더 중요한 것은 모이를 문의는 보다 모유를 짜서 먹이면 짜는 시간 모이는 시간이 또 따라서 걸리기 때문에 아기 먹는데 2배 이상의 시간이 걸려서 엄마가 실시한 이 얻게 됩니다 이거 정말 고액 이 아닐 수 없습니다 산에 조리원 이세야 다른 사람이 무게 주니까 이건 문제가 아니죠 그런데 산후조리원을 나오는 그 순간부터 엄마가 유추가 모의를 엄마가 다시 보게 한다는 것이 정말 큰 문제가 됩니다 안그래도 아기 1 보기 힘든데 유체 한 것을 모이다 보니까 너무 힘들어서 짜는 것도 소홀해질 수밖에 없고요 그러다 보는 분유 먹이는 양도 정찬 얼게 되고 그렇게 조금씩 하다보면 모유가 줄어서 어쩔 수 없이 모일 수 일을 중단하게 되는 부모 뒤 많아지게 됩니다 그럼 지금 위치에서 먹이고 있는 경우는 어쩌란 말인가요 이런 경우는 제일 중요한 것은 지금이라도 모이를 직접 물릴 수 있다는 확신을 가지는 것이 중요합니다 무슨 가능하다는 생각보다 가지는 것이 좋습니다 여유를 가지고 느긋하게 젖을 물리는 노력을 해서 아기가 다시 엄마 젖 을 좋아하게 기다려주는 것이 좋습니다 물론 시간이 좀 글레이저 아닙니다 두 가지는 주의해야 됩니다 억지로 젖산이 물러서는 안됩니다 그럼 더 안 먹게 될 수 있고 더 거부할 수 있습니다 그리고 너무 배고프지 않을 때 먹이세요 간혹 아이가 누구의 고프면 엄마 제시 더 눈병이 던 더 잘 물 거라고 생각하는 부모도 있는데 그건 아닙니다 너무 배가 5편 쉽게 물지 못하고 바로 나오지 않는 엄마 젓은 드 아물게 되는 경우가 많습니다 물론 몇 가지 추가 팁도 있습니다 아이가 잠에서 깬 후 비몽사몽간에 바로 문의면 좀 더 쉽게 엄마 짓을 좋아할 수 있습니다 생후 한달 잊은 이야기라면 절리 할 때 제설 물리는 것도 좋습니다 그리고 백업 할 때 유추가 모여 보다는 직수 를 먼저 시도하는 부터 좋습니다 덕질 엄마 젖을 물리지 말고 유추가 모유를 급이나 숟가락으로 먹이는 것도 우유병 젖꼭지 대한 호전을 줄일 수가 있습니다 그리고 평소에 캥 그렇게 하듯이 아기를 안을 때 엄마 아기가 피부를 맞게 아기 옷을 벗기고 기재 기만 채운 채 엄마의 냉가슴 과 닦게 알아 주시는 것이 좋습니다 엄마가 아기를 가슴에 오래 알아주는 것 역시 엄마의 가슴에 나는 전 댐 3 접어 하게 만들 수 있어 좀 더 쉽게 자세를 물릴 수 있습니다 101 이전이라면 엄마 유두 에 붙여서 모이는 수유 보청기를 사용하는 것 역시 도움이 될 수 있습니다 모유 측에서 버리지 마세요 처음부터 모이는 u 측에서 먹이지 않는 것이 중요합니다 잠시 편 하려고 얼떨결에 유치해서 뭐 인수를 하는 갈수록 모일 수가 어려워지기 때문에 산후 조리할 때 부터 처음부터 유치에서 모이지 않는 것이 중요합니다 지금 u 측에서 먹이고 있다면 다시 직수 로 하기 위해서 노력해 주는 것이 좋습니다 당장은 좀 힘들겠지만 자신이 가지고 밀어붙이면 생각보다 직수 하는거 어렵지 않습니다 그게 엄마도 편하고 아이 얘기도 되게 된답니다 [음악] 아 아
https://www.youtube.com/watch?v=kMqSc6LtuL8,kMqSc6LtuL8,"#331  모유수유와 코로나 접종! 궁금한거 몽땅 알려드립니다: 소아청소년과 전문의 하정훈의 육아이야기(소아청소년과전문의, IBCLC, 삐뽀삐뽀119소아과저자)",하정훈의 삐뽀삐뽀 119 소아과 (삐뽀삐뽀 119 소아과),안녕하세요 소아청소년과 전문의 하 종입니다 이제 코랄 비치 인적 종이 본격화 되면서 모일 수야는 먼 더 그러나 쪽으로 한 경우가 많습니다 지금 전세에서 모일 수 안중에도 고라 배신 맞는 것을 다 근거하고 있습니다 그런데 이런저런 이유때문에 적정을 망설이거나 모유수유를 중단하는 음반도 아직 있습니다 오늘은 모일 수 약 고라 집중에 대해서 부모들 께서 허니 하시는 질문에 대해서 우악 탑을 말씀을 드리겠습니다 tel 5 [음악] 우선 모유수유 중에 고라 배신 작정 해도 될까요 이런 질문 나이트 합니다 4 접종해야 됩니다 지금 세계 보험 기구는 물론 미국 영국 등 거의 모든 나라에서 모유수유 중에 측정을 하고 있고 이미 엄청나게 많은 모유수유 모델이 코라 측정을 완료한 상태이며 모일 수 중에 측정한 것 때문에 엄마 나 아 이게 문제되는 것은 알리지 않고 있습니다 그냥 보통 사람들 적정 않으니까 마찬가지라고 생각하시면 됩니다 그런데 아기 온 엄마가 거라 애들 정호 경리 하면서 아이를 키워야 하는데 이거 정말 힘들 수 있기 때문에 모유를 모르시더라도 골라 접점은 꼭 하시는 것이 좋습니다 그 다음은 m 8eight 신작 중에 뭐 위에 배신의 성분이 나와서 아기에게 전달되어 서 문제를 일으킬 수 있다 이런 이야기 도 있죠 그런데 이제 이것은 책은 영웅과 나왔습니다 모유를 통해서 는 아이에게 뱀발 헤니가 전달되지 않는 것으로 박혀 쓰니까 이 점은 걱정하지 않으셔도 됩니다 그리고 이빨이 이태진 집중 해 엄마 모의 속에 항체가 나온다는데 이게 왜 말이 듯이 나오는게 아닌가 라고 고민하시는 분도 있습니다 내 그런 의문들이 있죠 근데 엄마 거라 적 종회 모의에 코로나 항체가 너 한다는 것은 앰 바레인 대신 성분이 나온 것은 전혀 다른 이야기입니다 이거 왜 하시면 됩니다 대신에 수분이 나오는 것이 아니고요 백신 접종 후에 엄마의 몸에서 만들어진 항체가 나온다는 겁니다 이거 두개는 전혀 다른 보니까 백신 성분이 나온다는 걸로 오해 하지 않으시기 바랍니다 그래도 뭐 이수 중이고 라 접종하면 아기에게 문제가 좀 되는 것이 없을까 이런 고민 한 분 어디 있죠 그건 아닙니다 현재까지 알린 업체 응 구에서는 뭐 이수하는 엄마가 고라 접종을 해도 엄마 나 가 이익에 해가 된다는 근거는 없습니다 도리어 코리아 집중을 하면 엄마의 모의에 코라를 예방하는 항체가 나오기 때문에 모유를 먹는 아기도 거라 부터 보호하는 데 도움이 됩니다 그래서 모일 수 중에 더 고라 적정 하시라고 근무하는 겁니다 코로나 적정 한다고 모유 수유를 중단할 수도 없고 모유를 끊을 필요도 전혀 없습니다 모유수유 할때 거라 집중하면 아기도 코나 집중이 많이 예방 되나요 이런 질문을 하시는 분도 또 가만히 있습니다 미국 질병 통제 센터 cdc 라는 곳에서는 수유중인 엄마가 거라 좀 하면 엄마의 형성된 항체가 뭐 이를 통해서 아기 전달되기 때문에 아기를 권하라 부터 보호하는 데 도움이 된다고 밝히고 있습니다 그리고 실제로 적정 호 엄마의 모의수업 이 커라 항체 농도는 실제로 코리아 2 클린 사람들이 항체 농도보다 더 높게 나옵니다 놀랍죠 하지만 이게 얼마나 효과적으로 아기를 고래로부터 보호하는데 인형을 미치는가 이것은 요 아기 들이 코라의 글리 경우와 그 였기 때문에 아직은 확실하게 확인되지는 않고 있습니다 코라 이랑에 도움이 된다는 것에 대해서는 거의 대부분 정발이 동의하고 있습니다 콜라 비친 작정하고 모유를 먹이면 접종 때문에 아기가 코라 의 글리 강선 없을까요 이런 업무를 가지는 분도 있습니다 없다고 보시면 됩니다 콜라 적정한 사람도 접종 때문에 거라 에 걸리지 않는데 적정한 엄마 이모 이 때문에 아기의 코라의 걸린 것은 불가능할 겁니다 콜라 적 중에 뭘까 척 속으로 나온다는데 괜찮을 카 여 이런 의문도 요즘 많이 하고 있죠 코라 적정 하면 뱅 맹주의 3명정도 에서 모유가 살짝 푸름 써진 즉석으로 바뀌기도 하는데 모임 우리는 데는 문제가 없습니다 그리고 모유가 척 색으로 나오는 것도 정상입니다 저희 3 몰과 나와도 문제였고 저를 색으로 나오는 모유를 먹여 더 문제는 없습니다 그리고 코라 적정 후에 언제부터 뭐 이런 보낼 수 있나요 이런 질문도 합니다 접종 후에 바로 접목에 다 아무 상관 없습니다 적정가 시간 원격 뭐 이 무기는 간격 이런분들 필요 없다는 이야기입니다 그리고 코라 적정 후에 열이 나서 다름을 먹었는데 모유를 먹여도 될까요 이런 질문 하시는 분들인데 열이 나도 모임 오시는데 문제 없고요 열이 나서 타일을 먹고 더 모이는 모이는데 문제 없습니다 그리고 코라 접종 후에 모유가 주는 느낌이 있는데 괜찮을까요 이런 의문을 가지는 분들이 있죠 참 민감 하신 분인데 실제로 그렇습니다 뭐 이런 모인 엄마가 고라 적정한 후에는 12명 중에 한명 정도는 일시적으로 몰가 줄 수 있습니다 많이 모유가 좀 준다 식품은 좀 더 쳐서 일시 물리 시면 됩니다 그리고 대부분의 경우 3일 이에 열심히 엄마 전 모 교수는 모양이 원래대로 돌아옵니다 그리고 20명 중에 한 명 정도는 도리어 뭐가 너를 하기도 합니다 하지만 이런 것들은 아이의 젖먹이는 된 전혀 문제가 되지 않습니다 모리를 무기는 말하면 고려 아직 좀 꼭 하시는 것이 좋습니다 현재까지 전 세계적으로 엄청나게 많은 수의 뭐 들이 고라 적중 외전 특별한 문제가 발견되지 않았기 때문에 너무 걱정하지 마시고 모유수유를 하시더라도 호라 접종을 하시는 것이 좋습니다 모의 수중에 거래 쪽에 더 아무런 문제 없고 도리어 고래가 적정 하시는 것이 더 좋다는 것이 현재까지 과학 즉 공부 라는거 알아두시면 도움이 되실겁니다 더불어 우리나라에서도 임신부 고라 종이 빨리 시작 되었으면 좋겠습니다 으 [음악] 으 으 [음악] 아 아
https://www.youtube.com/watch?v=P3hyM3-l7q0,P3hyM3-l7q0,"#330  코로나 접종 후 녹색 모유!  아기에게 먹여도 될까요? : 소아청소년과 전문의 하정훈의 육아이야기(소아청소년과전문의, IBCLC, 삐뽀삐뽀119소아과저자)",하정훈의 삐뽀삐뽀 119 소아과 (삐뽀삐뽀 119 소아과),안녕하세요 소아청소년과 전문의 가정입니다 최근 코로나 접종 후에 모유 색깔이 변한다는 얘기를 듣고 모유수유 중에 코로나 측정하면 곤란 1가 고민하시는 마 들이 있습니다 뭐 이 수중에 고라 적 중에서 됩니다 그리고 오늘은 코로나 척 정호의 녹색 뭐 요 나오는 이야기를 말씀드리겠습니다 [음악] 5 모유수유하는 음 말 중에 콜라 접종 후에 모유 색깔이 변하는 것 때문에 고민하는 경우가 있습니다 다 그런 것은 아니고요 코라 적정 후에 100명 주에 3명 정대 에서 모유가 살짝 푸름 clt 는 초록색으로 변하기도 합니다 이건 우리나라만 그런 것이 아니고요 다른 나라에서 마찬가지로 적정 우의 모의 색깔 변하는 경우와 많이 보고되고 있습니다 이런 경우 모유를 그대로 무리라고 권유하고 있고 아무런 문제가 없습니다 그리고 대개의 경우 수 1 2로 다시 원래의 색감을 돌아가니까 걱정하실 필요는 없습니다 이건 거라 를 측정할 때 뿐 아니라 커라 에 걸린 분만을 중에서도 뭐 이 색깔이 초록색으로 변하는 경우가 있습니다 이 경우에도 모일 수 있는 데 아무런 문제가 없구요 실제로 커야 에 걸리는 봐도 목 쌕 모유가 나와도 아기에게 모유를 먹일 수가 있습니다 뭐 이 색깔이 변하는 것 때문에 문제가 되지 않을까 고민하는 엄마도 있는데 그거 문제되지 않습니다 원래 모이는 모임 수야는 중에도 엄마의 크니 실에 따라서 그리고 엄마가 먹는 음식에 따라서 모의 색깔이 변할 수가 있는데 청색 모유가 나온다고 그게 이상한 게 아니란 이야기입니다 철 흑색을 띤 모여도 그게 정상 모일 색깔이랑 겁니다 그럼 뭐 이 색깔은 왜 변하는 걸까요 정상적으로 도 모일 색깔을 항상 일정하지 않고 수시로 변하는데 엄마의 컨디션과 장어의 상태에 따라서 그리고 장이 흡수하는 색소의 따라서 모일 색깔이 조금씩 달라집니다 변질되거나 이상한 것이 섞여서 모여 색깔이 되라는 것은 아니란 이야기입니다 모유가 녹색으로 변해도 그 안보이시면 됩니다 접종 때문에 녹색으로 변한 교회 경우 대개 수일 내로 다시 원래의 색깔을 돌아가는데 원래 이 색깔을 돌아가지 않고 계속 녹색 이라도 걱정하시 필요없이 그냥 뭐 이수의 하시면 됩니다 딜러는 말씀드리면 모일 수 중이라도 고라 직접 꼭 하시고 모이세 까인 옥소를 변하더라도 그냥 신경쓰지 말고 모유를 못 있으면 된다는 겁니다 으 [음악] 으 으 [음악] 아 아 아
https://www.youtube.com/watch?v=S0TvLFeHwyk,S0TvLFeHwyk,"#328  시간정해서 먹던 아기! 배고플 때 먹게 바꿀 때 주의할 점들: 소아청소년과 전문의 하정훈의 육아이야기(소아청소년과전문의, IBCLC, 삐뽀삐뽀119소아과저자)",하정훈의 삐뽀삐뽀 119 소아과 (삐뽀삐뽀 119 소아과),안녕하세요 4층 성과 정문 이하 종입니다 산후 조리할 때 신세 나에게 한 번 수량을 정해서 모이거나 시간을 정해서 먹인 아기 들이 많습니다 이런 아기들에게 아기 문양과 시간을 아기에게 마키 라는 이야기를 듣고 따라해 보려고 시도하는 부모들이 재미 있습니다 오늘은 한 번 먹는 수양이라 시간을 정해서 문의는 수동 못 육아를 하던 아기를 아기에게 맡기는 자동 못 육아로 바꾸는 반국가 주의할 점에 대해서 말씀을 드리겠습니다 으 으 으 으 으 우선 기본부터 아는 것이 중요합니다 신생아 수익이 보는 아이가 표고 파서 묻고 싶어 할 때 먹이고 한번에 충분히 모이고 그 다음 되고 볼 때까지 느긋하게 기다리는 것이 가장 중요한 무기 기본입니다 쉽게 말하면 아기에게 막히는 자동모드로 하라는 겁니다 3시간 마다 이렇게 시간을 정해서 먹이거나 한 번에 얼마 이렇게 양을 정해서 무기는 수동모드로 하는 것은 권장하지 않습니다 자동 모두 육아 이것은 신생아 처음부터 하면 아주 쉽게 잘 됩니다 처음부터 잘하는 것이 중요합니다 일단 양을 정해서 먹이거나 시간을 정해서 문의는 그 다음부터는 아기에게 맡기는 것이 잘 안됩니다 그 시간 되면 먹으려 하고 정해진 양만 먹어야 할 수 있습니다 그래서 신생아는 전부터 24시간 몰 동시에 하면서 자동 모두 육아를 하라고 권유하는 겁니다 그름 iq 는것 훨씬 쉬워집니다 처음 사회 조리할 때 부터 시간 정해서 먹었거나 한번에 먹는 양을 정해서 모두 떠나 있는 그대로 갈까요 아니면 아기에게 맡기는 방향으로 다시 바꾸어 줘야 할까요 당연히 아기에게 맡기는 자동 모두 육아로 돌아가는 것이 앞으로 아기 교육이 편해지고 그게 정상 du 가버립니다 그런데 한 번에 묶는 향을 좀 하거나 시간을 정해서 목에 따라 기들은 아기에게 맡기로 해도 이미 습관이 들어 있기 때문에 잘 안됩니다 그래도 앞으로 아이를 쉽게 기울여 면 아기 에게 맡기는 방향으로 먹는 습관을 바꾸는 것이 좋습니다 이런 경우 일단 아기에게 마켓 한번에 충분히 먹이고 그 다음 쉴 때 까지는 느긋하게 기다리는 것이 중요합니다 이게 하루아침에 되는 것이 아니고요 길게는 한달이상 끌리기도 합니다 그리고 일단 한 번 시작하면 계속 밀어붙여야 지 하루 이틀 해보다가 잘 안 된다 고 말했다 하면 더 걸 알 수 있으니까 주의를 해야 됩니다 그런데 이렇게 시간을 맞추고 나 양을 정해서 목 이날 이용 우는 아이가 페어 표시를 제대로 못하거나 엄마가 아기 베푼 사인 을 제대로 이해하지 못한 경우가 많기 때문에 아기에게 맡긴다는 것이 처음에는 생각보다 쉽지 않을 겁니다 한동안은 먹던 것이 안 되면 먹을 할 수 있는데 최대한 느긋하게 아이스로 배고픈 것을 느낄 때까지 기다려주는 것이 좋습니다 이건 부모가 느긋 하게 한걸음 물러서 있어 야 빨리 보게 되는데 배부 풍으로 찔까봐 계속 고민하고 있으면 아기의 이런 지를 행동이 다 백업 부문 처럼 보이게 될 수도 있습니다 그리고 이미 가시 하는 습관이 든 아이들이 경우는 아기에게 막히면 처음에는 더 많이 먹게 될 수 있는데 이런 경우 최대한 부모가 뜻하고 최대한 개 얼음을 우리는 것이 좋습니다 이렇게 몸무게가 많이 나가는 알기에 경우 자기 스스로 몸무게를 조절하려고 일시적으로 잘 안먹게 되는 교와 조금씩 있습니다 이걸 잘 알아차리고 잘 안먹으면 땡큐 하고 4 드는 것이 중요합니다 아기에게 맞기도 적게 먹는 방향은 잡아 줄 아는 이야기입니다 간혹 양가 시간 맞춰 의문이 든 아기가 한꺼번에 두 가지를 다 고치는 것이 힘들까봐 시간과 양중 둘 중 하나만 웃은 아기에게 맡기고 다른 하나는 걍 증에서 못된 대로 주는 경우도 있는데 이건 더 곤란합니다 그럼 잘 안되더라 일이야 나중에 또 다른 것을 고치는 수고를 해야 할 수 있고 스스로 조절하는 능력을 얻기 힘들 수도 있습니다 고치려면 한꺼번에 꽃이 알려줍니다 간혹 처음에 스스로 먹는 것을 조절하는 리듬 cq 나기 경우는 결국 길을 찾지 못하는 경우도 있습니다 그래서 아기에게 맞기도 주기적으로 제대로 묶고 했는지 제대로 자라고는 있는지 섞어서 의 진료받고 확인하는 것이 필요합니다 멍 녀 그 사람에게 맡기는 것은 생각보다 쉽지 않을 수 있습니다 하지만 그게 아기 들이 가야 할 길이라고 생각하시고 밀어붙이는 것이 좋습니다 빨리 자동모드로 돌아가는 것이 앞으로 아이를 시켜 줄 수 있는 기 드립니다 스스로 처절해서 먹는 것이 틀이 잡히면 과정을 이상의 맞춰서 아이 스스로 다른 것도 조절할 능력이 생기게 됩니다 그럼 잠도 잘 자고 이스트 r 먹게 됩니다 먹는거 아기 스스로 잘할 수 있습니다 아기를 믿고 맡겨주시면 엄마도 편하고 아기도 편해 집니다 [음악] 으 으 [음악] 아 으 으 으 으 으
https://www.youtube.com/watch?v=ZHc1fy7HOPw,ZHc1fy7HOPw,"#380  이유식 후기에 이유식과 수유를 붙여서 먹이면 문제가 될까요? : 소아청소년과 전문의 하정훈의 육아이야기(소아청소년과전문의, IBCLC, 삐뽀삐뽀119소아과저자)",하정훈의 삐뽀삐뽀 119 소아과 (삐뽀삐뽀 119 소아과),[음악] 안녕하세요 4층 소아과 전문의 하정훈 입니다 이슈 갈때 저기에는 의식과 수위를 붙여서 모르고요 한끼 분량으로 충분한 양을 유심을 먹게 될 때 보통 이 시기가 7에서 9개월 사이인데 이때부터는 이유식과 수유는 따로 먹이는 것이 좋습니다 그런데 9개월 있는 모스 도 이슈 갈 때 술을 계속 붙여서 먹었는데 큰 이라는 거 아니냐고 물어보시는 분도 있습니다 별거 아닌 이름 것에 신경이 쓰이는 부모를 위해서 설명을 드리겠습니다 구결이 는 모습도 휴식과 수위를 붙여 모임은 큰일 나는 걸까요 아닙니다 큰 갈 거 없습니다 아기가 잘 먹으면 이 의식할 때 수유하고 간식 할 때 수술을 해도 문제가 될 것은 없습니다 다만 우리나라처럼 이유식은 뭘 경우 함께 u 식으로 식사 1 수유하는 것이 일반적이지 않아서 따로 뭐 이라는 것이 한가지 이유인데 물기가 적은 빵 종류 같은 것으로 유식 할 경우는 이우식 을 할 때 수위를 같이 할 수도 있습니다 그리고 하루 묵을 2 양을 유씨가 간식을 먹을 때마다 나누어 붙여서 못 여도 상관 없습니다 돌이 지나서도 마찬가지입니다 어른들도 시리얼을 우리랑 같이 뭐 뜻이 의심 먹을때도 먹고 난 후에 붙여서 우유를 먹어도 상관없습니다 다만 한끼 쇽을 충분히 많이 먹는 경우는 일 시 후에 우유를 같이 못해 되면 잘 먹지 않는 경우가 많아서 이런 경우 이웃이 까 수위를 따름 우기는 것이 좋고 간식을 문 1 때부터 먹이는 것도 한가지 방법 이란 겁니다 그래서 보통 실에서 9개월 사이 한 기우 시골 충분히 많이 먹으면 유씨가 수위를 뛰어서 모든 것을 권유하는 것입니다 이런 것은 아기 들이 식사 문화 와 관련된 것이고 이것은 무조건 반드시 지켜야 한다 이렇게 아름 클랜 다 이런 것은 아니라는 거 알아 2시면 마음 편하실 겁니다 으 [음악] 으 으 [음악] 아 아
